2026-05-01 10:51:24.169 [main] INFO  com.promo.otp.Main - Starting OTP Service...
2026-05-01 10:51:24.184 [main] INFO  com.promo.otp.config.DatabaseConfig - Connecting to database: jdbc:postgresql://postgres:5432/otp_service
2026-05-01 10:51:24.256 [main] INFO  com.zaxxer.hikari.HikariDataSource - OTP-HikariPool - Starting...
2026-05-01 10:51:25.170 [main] INFO  com.zaxxer.hikari.pool.HikariPool - OTP-HikariPool - Added connection org.postgresql.jdbc.PgConnection@485966cc
2026-05-01 10:51:25.175 [main] INFO  com.zaxxer.hikari.HikariDataSource - OTP-HikariPool - Start completed.
2026-05-01 10:51:25.175 [main] INFO  com.promo.otp.config.DatabaseConfig - Database connection pool created successfully
2026-05-01 10:51:25.178 [main] INFO  com.promo.otp.config.DatabaseConfig - Database connection test successful
2026-05-01 10:51:25.213 [main] INFO  com.promo.otp.Main - Database connection pool initialized
2026-05-01 10:51:25.219 [main] INFO  c.p.o.service.ExpiredCodesScheduler - Expired codes scheduler started
2026-05-01 10:51:25.221 [main] INFO  com.promo.otp.Main - Expired codes cleanup scheduler started
2026-05-01 10:51:25.925 [main] INFO  com.promo.otp.service.EmailService - Loaded email configuration
2026-05-01 10:51:26.003 [main] INFO  com.promo.otp.service.EmailService - Email notification service initialized
2026-05-01 10:51:26.006 [main] INFO  com.promo.otp.service.SmsService - Loaded SMS configuration
2026-05-01 10:51:26.007 [main] INFO  com.promo.otp.service.SmsService - SMS notification service initialized with host: localhost
2026-05-01 10:51:26.010 [main] INFO  c.promo.otp.service.TelegramService - Loaded Telegram configuration
2026-05-01 10:51:26.011 [main] INFO  c.promo.otp.service.TelegramService - Telegram notification service initialized
2026-05-01 10:51:26.016 [main] INFO  com.promo.otp.service.EmailService - Loaded email configuration
2026-05-01 10:51:26.027 [main] INFO  com.promo.otp.service.EmailService - Email notification service initialized
2026-05-01 10:51:26.029 [main] INFO  com.promo.otp.service.SmsService - Loaded SMS configuration
2026-05-01 10:51:26.031 [main] INFO  com.promo.otp.service.SmsService - SMS notification service initialized with host: localhost
2026-05-01 10:51:26.034 [main] INFO  c.promo.otp.service.TelegramService - Loaded Telegram configuration
2026-05-01 10:51:26.035 [main] INFO  c.promo.otp.service.TelegramService - Telegram notification service initialized
2026-05-01 10:51:26.109 [main] INFO  c.promo.otp.server.HttpServerManager - HTTP Server started on port 8080
2026-05-01 10:51:26.112 [main] INFO  com.promo.otp.Main - OTP Service started successfully on port 8080
2026-05-01 10:51:37.948 [pool-3-thread-1] INFO  com.promo.otp.dao.UserDAO - Saved user: mailtest
2026-05-01 10:51:38.082 [pool-3-thread-1] INFO  com.promo.otp.service.AuthService - User registered successfully: mailtest
2026-05-01 10:51:38.238 [pool-3-thread-1] INFO  c.p.otp.controller.AuthController - POST /api/auth/register - User registered: mailtest
2026-05-01 10:51:38.357 [pool-3-thread-2] INFO  com.promo.otp.service.AuthService - User logged in successfully: mailtest
2026-05-01 10:51:38.368 [pool-3-thread-2] INFO  c.p.otp.controller.AuthController - POST /api/auth/login - User logged in: mailtest
2026-05-01 10:53:22.831 [pool-3-thread-3] INFO  com.promo.otp.dao.OtpCodeDAO - Saved OTP code for operation: email_test_001, user: 3
2026-05-01 10:58:22.933 [pool-3-thread-3] ERROR com.promo.otp.service.EmailService - Failed to send email to abdm@ro.ru: Got bad greeting from SMTP host: smtp.rambler.ru, port: 465, response: [EOF]
2026-05-01 10:58:22.941 [pool-3-thread-3] INFO  com.promo.otp.service.OtpService - Generated OTP for user 3, operation email_test_001, channel email
2026-05-01 10:58:22.944 [pool-3-thread-3] INFO  c.promo.otp.controller.OtpController - POST /api/otp/generate - User 3 generated OTP for operation email_test_001
2026-05-01 11:00:32.099 [Thread-1] INFO  com.promo.otp.Main - Shutting down OTP Service...
2026-05-01 11:00:32.148 [Thread-1] INFO  c.promo.otp.server.HttpServerManager - HTTP Server stopped
2026-05-01 11:00:32.159 [Thread-1] INFO  c.p.o.service.ExpiredCodesScheduler - Expired codes scheduler stopped
2026-05-01 11:00:32.161 [Thread-1] INFO  com.zaxxer.hikari.HikariDataSource - OTP-HikariPool - Shutdown initiated...
2026-05-01 11:00:32.234 [Thread-1] INFO  com.zaxxer.hikari.HikariDataSource - OTP-HikariPool - Shutdown completed.
2026-05-01 11:00:32.235 [Thread-1] INFO  com.promo.otp.config.DatabaseConfig - Database connection pool closed
2026-05-01 11:00:32.236 [Thread-1] INFO  com.promo.otp.Main - OTP Service stopped
2026-05-01 11:01:30.332 [main] INFO  com.promo.otp.Main - Starting OTP Service...
2026-05-01 11:01:30.339 [main] INFO  com.promo.otp.config.DatabaseConfig - Connecting to database: jdbc:postgresql://postgres:5432/otp_service
2026-05-01 11:01:30.400 [main] INFO  com.zaxxer.hikari.HikariDataSource - OTP-HikariPool - Starting...
2026-05-01 11:01:31.611 [main] INFO  com.zaxxer.hikari.pool.HikariPool - OTP-HikariPool - Added connection org.postgresql.jdbc.PgConnection@6fd83fc1
2026-05-01 11:01:31.621 [main] INFO  com.zaxxer.hikari.HikariDataSource - OTP-HikariPool - Start completed.
2026-05-01 11:01:31.624 [main] INFO  com.promo.otp.config.DatabaseConfig - Database connection pool created successfully
2026-05-01 11:01:31.631 [main] INFO  com.promo.otp.config.DatabaseConfig - Database connection test successful
2026-05-01 11:01:31.658 [main] INFO  com.promo.otp.Main - Database connection pool initialized
2026-05-01 11:01:31.668 [main] INFO  c.p.o.service.ExpiredCodesScheduler - Expired codes scheduler started
2026-05-01 11:01:31.670 [main] INFO  com.promo.otp.Main - Expired codes cleanup scheduler started
2026-05-01 11:01:32.388 [main] INFO  com.promo.otp.service.EmailService - Loaded email configuration
2026-05-01 11:01:32.465 [main] INFO  com.promo.otp.service.EmailService - Email notification service initialized
2026-05-01 11:01:32.473 [main] INFO  com.promo.otp.service.SmsService - Loaded SMS configuration
2026-05-01 11:01:32.474 [main] INFO  com.promo.otp.service.SmsService - SMS notification service initialized with host: localhost
2026-05-01 11:01:32.481 [main] INFO  c.promo.otp.service.TelegramService - Loaded Telegram configuration
2026-05-01 11:01:32.483 [main] INFO  c.promo.otp.service.TelegramService - Telegram notification service initialized
2026-05-01 11:01:32.487 [main] INFO  com.promo.otp.service.EmailService - Loaded email configuration
2026-05-01 11:01:32.505 [main] INFO  com.promo.otp.service.EmailService - Email notification service initialized
2026-05-01 11:01:32.508 [main] INFO  com.promo.otp.service.SmsService - Loaded SMS configuration
2026-05-01 11:01:32.509 [main] INFO  com.promo.otp.service.SmsService - SMS notification service initialized with host: localhost
2026-05-01 11:01:32.514 [main] INFO  c.promo.otp.service.TelegramService - Loaded Telegram configuration
2026-05-01 11:01:32.515 [main] INFO  c.promo.otp.service.TelegramService - Telegram notification service initialized
2026-05-01 11:01:32.560 [main] INFO  c.promo.otp.server.HttpServerManager - HTTP Server started on port 8080
2026-05-01 11:01:32.561 [main] INFO  com.promo.otp.Main - OTP Service started successfully on port 8080
2026-05-01 11:01:43.734 [pool-2-thread-1] INFO  com.promo.otp.dao.OtpCodeDAO - Saved OTP code for operation: mailhog_test, user: 3
2026-05-01 11:01:43.882 [pool-2-thread-1] ERROR com.promo.otp.service.EmailService - Failed to send email to abdm@ro.ru: Couldn't connect to host, port: host.docker.internal, 1025; timeout -1
2026-05-01 11:01:43.883 [pool-2-thread-1] INFO  com.promo.otp.service.OtpService - Generated OTP for user 3, operation mailhog_test, channel email
2026-05-01 11:01:44.049 [pool-2-thread-1] INFO  c.promo.otp.controller.OtpController - POST /api/otp/generate - User 3 generated OTP for operation mailhog_test
2026-05-01 11:03:49.695 [Thread-1] INFO  com.promo.otp.Main - Shutting down OTP Service...
2026-05-01 11:03:49.711 [Thread-1] INFO  c.promo.otp.server.HttpServerManager - HTTP Server stopped
2026-05-01 11:03:49.717 [Thread-1] INFO  c.p.o.service.ExpiredCodesScheduler - Expired codes scheduler stopped
2026-05-01 11:03:49.720 [Thread-1] INFO  com.zaxxer.hikari.HikariDataSource - OTP-HikariPool - Shutdown initiated...
2026-05-01 11:03:49.760 [Thread-1] INFO  com.zaxxer.hikari.HikariDataSource - OTP-HikariPool - Shutdown completed.
2026-05-01 11:03:49.773 [Thread-1] INFO  com.promo.otp.config.DatabaseConfig - Database connection pool closed
2026-05-01 11:03:49.776 [Thread-1] INFO  com.promo.otp.Main - OTP Service stopped
2026-05-01 11:03:55.905 [main] INFO  com.promo.otp.Main - Starting OTP Service...
2026-05-01 11:03:55.915 [main] INFO  com.promo.otp.config.DatabaseConfig - Connecting to database: jdbc:postgresql://postgres:5432/otp_service
2026-05-01 11:03:55.993 [main] INFO  com.zaxxer.hikari.HikariDataSource - OTP-HikariPool - Starting...
2026-05-01 11:03:57.513 [main] INFO  com.zaxxer.hikari.pool.HikariPool - OTP-HikariPool - Added connection org.postgresql.jdbc.PgConnection@6fd83fc1
2026-05-01 11:03:57.520 [main] INFO  com.zaxxer.hikari.HikariDataSource - OTP-HikariPool - Start completed.
2026-05-01 11:03:57.521 [main] INFO  com.promo.otp.config.DatabaseConfig - Database connection pool created successfully
2026-05-01 11:03:57.540 [main] INFO  com.promo.otp.config.DatabaseConfig - Database connection test successful
2026-05-01 11:03:57.583 [main] INFO  com.promo.otp.Main - Database connection pool initialized
2026-05-01 11:03:57.592 [main] INFO  c.p.o.service.ExpiredCodesScheduler - Expired codes scheduler started
2026-05-01 11:03:57.594 [main] INFO  com.promo.otp.Main - Expired codes cleanup scheduler started
2026-05-01 11:03:58.484 [main] INFO  com.promo.otp.service.EmailService - Loaded email configuration
2026-05-01 11:03:58.576 [main] INFO  com.promo.otp.service.EmailService - Email notification service initialized
2026-05-01 11:03:58.579 [main] INFO  com.promo.otp.service.SmsService - Loaded SMS configuration
2026-05-01 11:03:58.580 [main] INFO  com.promo.otp.service.SmsService - SMS notification service initialized with host: localhost
2026-05-01 11:03:58.584 [main] INFO  c.promo.otp.service.TelegramService - Loaded Telegram configuration
2026-05-01 11:03:58.585 [main] INFO  c.promo.otp.service.TelegramService - Telegram notification service initialized
2026-05-01 11:03:58.590 [main] INFO  com.promo.otp.service.EmailService - Loaded email configuration
2026-05-01 11:03:58.602 [main] INFO  com.promo.otp.service.EmailService - Email notification service initialized
2026-05-01 11:03:58.604 [main] INFO  com.promo.otp.service.SmsService - Loaded SMS configuration
2026-05-01 11:03:58.604 [main] INFO  com.promo.otp.service.SmsService - SMS notification service initialized with host: localhost
2026-05-01 11:03:58.606 [main] INFO  c.promo.otp.service.TelegramService - Loaded Telegram configuration
2026-05-01 11:03:58.606 [main] INFO  c.promo.otp.service.TelegramService - Telegram notification service initialized
2026-05-01 11:03:58.678 [main] INFO  c.promo.otp.server.HttpServerManager - HTTP Server started on port 8080
2026-05-01 11:03:58.681 [main] INFO  com.promo.otp.Main - OTP Service started successfully on port 8080
2026-05-01 11:04:03.829 [pool-2-thread-1] INFO  com.promo.otp.dao.OtpCodeDAO - Saved OTP code for operation: mailhog_test2, user: 3
2026-05-01 11:04:04.062 [pool-2-thread-1] ERROR com.promo.otp.service.EmailService - Failed to send email to abdm@ro.ru: Couldn't connect to host, port: host.docker.internal, 1025; timeout -1
2026-05-01 11:04:04.066 [pool-2-thread-1] INFO  com.promo.otp.service.OtpService - Generated OTP for user 3, operation mailhog_test2, channel email
2026-05-01 11:04:04.318 [pool-2-thread-1] INFO  c.promo.otp.controller.OtpController - POST /api/otp/generate - User 3 generated OTP for operation mailhog_test2
2026-05-01 11:05:24.434 [Thread-1] INFO  com.promo.otp.Main - Shutting down OTP Service...
2026-05-01 11:05:24.439 [Thread-1] INFO  c.promo.otp.server.HttpServerManager - HTTP Server stopped
2026-05-01 11:05:24.441 [Thread-1] INFO  c.p.o.service.ExpiredCodesScheduler - Expired codes scheduler stopped
2026-05-01 11:05:24.443 [Thread-1] INFO  com.zaxxer.hikari.HikariDataSource - OTP-HikariPool - Shutdown initiated...
2026-05-01 11:05:24.454 [Thread-1] INFO  com.zaxxer.hikari.HikariDataSource - OTP-HikariPool - Shutdown completed.
2026-05-01 11:05:24.455 [Thread-1] INFO  com.promo.otp.config.DatabaseConfig - Database connection pool closed
2026-05-01 11:05:24.456 [Thread-1] INFO  com.promo.otp.Main - OTP Service stopped
2026-05-01 11:05:42.945 [main] INFO  com.promo.otp.Main - Starting OTP Service...
2026-05-01 11:05:42.962 [main] INFO  com.promo.otp.config.DatabaseConfig - Connecting to database: jdbc:postgresql://postgres:5432/otp_service
2026-05-01 11:05:43.028 [main] INFO  com.zaxxer.hikari.HikariDataSource - OTP-HikariPool - Starting...
2026-05-01 11:05:44.530 [main] ERROR com.promo.otp.config.DatabaseConfig - Failed to load database configuration
com.zaxxer.hikari.pool.HikariPool$PoolInitializationException: Failed to initialize pool: Connection to postgres:5432 refused. Check that the hostname and port are correct and that the postmaster is accepting TCP/IP connections.
	at com.zaxxer.hikari.pool.HikariPool.throwPoolInitializationException(HikariPool.java:584)
	at com.zaxxer.hikari.pool.HikariPool.checkFailFast(HikariPool.java:571)
	at com.zaxxer.hikari.pool.HikariPool.<init>(HikariPool.java:98)
	at com.zaxxer.hikari.HikariDataSource.<init>(HikariDataSource.java:80)
	at com.promo.otp.config.DatabaseConfig.initialize(DatabaseConfig.java:43)
	at com.promo.otp.Main.main(Main.java:16)
Caused by: org.postgresql.util.PSQLException: Connection to postgres:5432 refused. Check that the hostname and port are correct and that the postmaster is accepting TCP/IP connections.
	at org.postgresql.core.v3.ConnectionFactoryImpl.openConnectionImpl(ConnectionFactoryImpl.java:346)
	at org.postgresql.core.ConnectionFactory.openConnection(ConnectionFactory.java:54)
	at org.postgresql.jdbc.PgConnection.<init>(PgConnection.java:273)
	at org.postgresql.Driver.makeConnection(Driver.java:446)
	at org.postgresql.Driver.connect(Driver.java:298)
	at com.zaxxer.hikari.util.DriverDataSource.getConnection(DriverDataSource.java:137)
	at com.zaxxer.hikari.pool.PoolBase.newConnection(PoolBase.java:360)
	at com.zaxxer.hikari.pool.PoolBase.newPoolEntry(PoolBase.java:202)
	at com.zaxxer.hikari.pool.HikariPool.createPoolEntry(HikariPool.java:461)
	at com.zaxxer.hikari.pool.HikariPool.checkFailFast(HikariPool.java:550)
	... 4 common frames omitted
Caused by: java.net.ConnectException: Connection refused
	at java.base/sun.nio.ch.Net.pollConnect(Native Method)
	at java.base/sun.nio.ch.Net.pollConnectNow(Unknown Source)
	at java.base/sun.nio.ch.NioSocketImpl.timedFinishConnect(Unknown Source)
	at java.base/sun.nio.ch.NioSocketImpl.connect(Unknown Source)
	at java.base/java.net.SocksSocketImpl.connect(Unknown Source)
	at java.base/java.net.Socket.connect(Unknown Source)
	at org.postgresql.core.PGStream.createSocket(PGStream.java:243)
	at org.postgresql.core.PGStream.<init>(PGStream.java:98)
	at org.postgresql.core.v3.ConnectionFactoryImpl.tryConnect(ConnectionFactoryImpl.java:136)
	at org.postgresql.core.v3.ConnectionFactoryImpl.openConnectionImpl(ConnectionFactoryImpl.java:262)
	... 13 common frames omitted
2026-05-01 11:05:44.920 [main] ERROR com.promo.otp.Main - Failed to start OTP Service
java.lang.RuntimeException: Database initialization failed
	at com.promo.otp.config.DatabaseConfig.initialize(DatabaseConfig.java:53)
	at com.promo.otp.Main.main(Main.java:16)
Caused by: com.zaxxer.hikari.pool.HikariPool$PoolInitializationException: Failed to initialize pool: Connection to postgres:5432 refused. Check that the hostname and port are correct and that the postmaster is accepting TCP/IP connections.
	at com.zaxxer.hikari.pool.HikariPool.throwPoolInitializationException(HikariPool.java:584)
	at com.zaxxer.hikari.pool.HikariPool.checkFailFast(HikariPool.java:571)
	at com.zaxxer.hikari.pool.HikariPool.<init>(HikariPool.java:98)
	at com.zaxxer.hikari.HikariDataSource.<init>(HikariDataSource.java:80)
	at com.promo.otp.config.DatabaseConfig.initialize(DatabaseConfig.java:43)
	... 1 common frames omitted
Caused by: org.postgresql.util.PSQLException: Connection to postgres:5432 refused. Check that the hostname and port are correct and that the postmaster is accepting TCP/IP connections.
	at org.postgresql.core.v3.ConnectionFactoryImpl.openConnectionImpl(ConnectionFactoryImpl.java:346)
	at org.postgresql.core.ConnectionFactory.openConnection(ConnectionFactory.java:54)
	at org.postgresql.jdbc.PgConnection.<init>(PgConnection.java:273)
	at org.postgresql.Driver.makeConnection(Driver.java:446)
	at org.postgresql.Driver.connect(Driver.java:298)
	at com.zaxxer.hikari.util.DriverDataSource.getConnection(DriverDataSource.java:137)
	at com.zaxxer.hikari.pool.PoolBase.newConnection(PoolBase.java:360)
	at com.zaxxer.hikari.pool.PoolBase.newPoolEntry(PoolBase.java:202)
	at com.zaxxer.hikari.pool.HikariPool.createPoolEntry(HikariPool.java:461)
	at com.zaxxer.hikari.pool.HikariPool.checkFailFast(HikariPool.java:550)
	... 4 common frames omitted
Caused by: java.net.ConnectException: Connection refused
	at java.base/sun.nio.ch.Net.pollConnect(Native Method)
	at java.base/sun.nio.ch.Net.pollConnectNow(Unknown Source)
	at java.base/sun.nio.ch.NioSocketImpl.timedFinishConnect(Unknown Source)
	at java.base/sun.nio.ch.NioSocketImpl.connect(Unknown Source)
	at java.base/java.net.SocksSocketImpl.connect(Unknown Source)
	at java.base/java.net.Socket.connect(Unknown Source)
	at org.postgresql.core.PGStream.createSocket(PGStream.java:243)
	at org.postgresql.core.PGStream.<init>(PGStream.java:98)
	at org.postgresql.core.v3.ConnectionFactoryImpl.tryConnect(ConnectionFactoryImpl.java:136)
	at org.postgresql.core.v3.ConnectionFactoryImpl.openConnectionImpl(ConnectionFactoryImpl.java:262)
	... 13 common frames omitted
2026-05-01 11:05:53.982 [main] INFO  com.promo.otp.Main - Starting OTP Service...
2026-05-01 11:05:53.991 [main] INFO  com.promo.otp.config.DatabaseConfig - Connecting to database: jdbc:postgresql://postgres:5432/otp_service
2026-05-01 11:05:54.063 [main] INFO  com.zaxxer.hikari.HikariDataSource - OTP-HikariPool - Starting...
2026-05-01 11:05:55.477 [main] ERROR com.promo.otp.config.DatabaseConfig - Failed to load database configuration
com.zaxxer.hikari.pool.HikariPool$PoolInitializationException: Failed to initialize pool: Connection to postgres:5432 refused. Check that the hostname and port are correct and that the postmaster is accepting TCP/IP connections.
	at com.zaxxer.hikari.pool.HikariPool.throwPoolInitializationException(HikariPool.java:584)
	at com.zaxxer.hikari.pool.HikariPool.checkFailFast(HikariPool.java:571)
	at com.zaxxer.hikari.pool.HikariPool.<init>(HikariPool.java:98)
	at com.zaxxer.hikari.HikariDataSource.<init>(HikariDataSource.java:80)
	at com.promo.otp.config.DatabaseConfig.initialize(DatabaseConfig.java:43)
	at com.promo.otp.Main.main(Main.java:16)
Caused by: org.postgresql.util.PSQLException: Connection to postgres:5432 refused. Check that the hostname and port are correct and that the postmaster is accepting TCP/IP connections.
	at org.postgresql.core.v3.ConnectionFactoryImpl.openConnectionImpl(ConnectionFactoryImpl.java:346)
	at org.postgresql.core.ConnectionFactory.openConnection(ConnectionFactory.java:54)
	at org.postgresql.jdbc.PgConnection.<init>(PgConnection.java:273)
	at org.postgresql.Driver.makeConnection(Driver.java:446)
	at org.postgresql.Driver.connect(Driver.java:298)
	at com.zaxxer.hikari.util.DriverDataSource.getConnection(DriverDataSource.java:137)
	at com.zaxxer.hikari.pool.PoolBase.newConnection(PoolBase.java:360)
	at com.zaxxer.hikari.pool.PoolBase.newPoolEntry(PoolBase.java:202)
	at com.zaxxer.hikari.pool.HikariPool.createPoolEntry(HikariPool.java:461)
	at com.zaxxer.hikari.pool.HikariPool.checkFailFast(HikariPool.java:550)
	... 4 common frames omitted
Caused by: java.net.ConnectException: Connection refused
	at java.base/sun.nio.ch.Net.pollConnect(Native Method)
	at java.base/sun.nio.ch.Net.pollConnectNow(Unknown Source)
	at java.base/sun.nio.ch.NioSocketImpl.timedFinishConnect(Unknown Source)
	at java.base/sun.nio.ch.NioSocketImpl.connect(Unknown Source)
	at java.base/java.net.SocksSocketImpl.connect(Unknown Source)
	at java.base/java.net.Socket.connect(Unknown Source)
	at org.postgresql.core.PGStream.createSocket(PGStream.java:243)
	at org.postgresql.core.PGStream.<init>(PGStream.java:98)
	at org.postgresql.core.v3.ConnectionFactoryImpl.tryConnect(ConnectionFactoryImpl.java:136)
	at org.postgresql.core.v3.ConnectionFactoryImpl.openConnectionImpl(ConnectionFactoryImpl.java:262)
	... 13 common frames omitted
2026-05-01 11:05:55.488 [main] ERROR com.promo.otp.Main - Failed to start OTP Service
java.lang.RuntimeException: Database initialization failed
	at com.promo.otp.config.DatabaseConfig.initialize(DatabaseConfig.java:53)
	at com.promo.otp.Main.main(Main.java:16)
Caused by: com.zaxxer.hikari.pool.HikariPool$PoolInitializationException: Failed to initialize pool: Connection to postgres:5432 refused. Check that the hostname and port are correct and that the postmaster is accepting TCP/IP connections.
	at com.zaxxer.hikari.pool.HikariPool.throwPoolInitializationException(HikariPool.java:584)
	at com.zaxxer.hikari.pool.HikariPool.checkFailFast(HikariPool.java:571)
	at com.zaxxer.hikari.pool.HikariPool.<init>(HikariPool.java:98)
	at com.zaxxer.hikari.HikariDataSource.<init>(HikariDataSource.java:80)
	at com.promo.otp.config.DatabaseConfig.initialize(DatabaseConfig.java:43)
	... 1 common frames omitted
Caused by: org.postgresql.util.PSQLException: Connection to postgres:5432 refused. Check that the hostname and port are correct and that the postmaster is accepting TCP/IP connections.
	at org.postgresql.core.v3.ConnectionFactoryImpl.openConnectionImpl(ConnectionFactoryImpl.java:346)
	at org.postgresql.core.ConnectionFactory.openConnection(ConnectionFactory.java:54)
	at org.postgresql.jdbc.PgConnection.<init>(PgConnection.java:273)
	at org.postgresql.Driver.makeConnection(Driver.java:446)
	at org.postgresql.Driver.connect(Driver.java:298)
	at com.zaxxer.hikari.util.DriverDataSource.getConnection(DriverDataSource.java:137)
	at com.zaxxer.hikari.pool.PoolBase.newConnection(PoolBase.java:360)
	at com.zaxxer.hikari.pool.PoolBase.newPoolEntry(PoolBase.java:202)
	at com.zaxxer.hikari.pool.HikariPool.createPoolEntry(HikariPool.java:461)
	at com.zaxxer.hikari.pool.HikariPool.checkFailFast(HikariPool.java:550)
	... 4 common frames omitted
Caused by: java.net.ConnectException: Connection refused
	at java.base/sun.nio.ch.Net.pollConnect(Native Method)
	at java.base/sun.nio.ch.Net.pollConnectNow(Unknown Source)
	at java.base/sun.nio.ch.NioSocketImpl.timedFinishConnect(Unknown Source)
	at java.base/sun.nio.ch.NioSocketImpl.connect(Unknown Source)
	at java.base/java.net.SocksSocketImpl.connect(Unknown Source)
	at java.base/java.net.Socket.connect(Unknown Source)
	at org.postgresql.core.PGStream.createSocket(PGStream.java:243)
	at org.postgresql.core.PGStream.<init>(PGStream.java:98)
	at org.postgresql.core.v3.ConnectionFactoryImpl.tryConnect(ConnectionFactoryImpl.java:136)
	at org.postgresql.core.v3.ConnectionFactoryImpl.openConnectionImpl(ConnectionFactoryImpl.java:262)
	... 13 common frames omitted
2026-05-01 11:06:01.067 [main] INFO  com.promo.otp.Main - Starting OTP Service...
2026-05-01 11:06:01.087 [main] INFO  com.promo.otp.config.DatabaseConfig - Connecting to database: jdbc:postgresql://postgres:5432/otp_service
2026-05-01 11:06:01.186 [main] INFO  com.zaxxer.hikari.HikariDataSource - OTP-HikariPool - Starting...
2026-05-01 11:06:02.735 [main] INFO  com.zaxxer.hikari.pool.HikariPool - OTP-HikariPool - Added connection org.postgresql.jdbc.PgConnection@6fd83fc1
2026-05-01 11:06:02.743 [main] INFO  com.zaxxer.hikari.HikariDataSource - OTP-HikariPool - Start completed.
2026-05-01 11:06:02.748 [main] INFO  com.promo.otp.config.DatabaseConfig - Database connection pool created successfully
2026-05-01 11:06:02.754 [main] INFO  com.promo.otp.config.DatabaseConfig - Database connection test successful
2026-05-01 11:06:02.798 [main] INFO  com.promo.otp.Main - Database connection pool initialized
2026-05-01 11:06:02.808 [main] INFO  c.p.o.service.ExpiredCodesScheduler - Expired codes scheduler started
2026-05-01 11:06:02.809 [main] INFO  com.promo.otp.Main - Expired codes cleanup scheduler started
2026-05-01 11:06:04.314 [main] INFO  com.promo.otp.service.EmailService - Loaded email configuration
2026-05-01 11:06:04.474 [main] INFO  com.promo.otp.service.EmailService - Email notification service initialized
2026-05-01 11:06:04.480 [main] INFO  com.promo.otp.service.SmsService - Loaded SMS configuration
2026-05-01 11:06:04.481 [main] INFO  com.promo.otp.service.SmsService - SMS notification service initialized with host: localhost
2026-05-01 11:06:04.486 [main] INFO  c.promo.otp.service.TelegramService - Loaded Telegram configuration
2026-05-01 11:06:04.488 [main] INFO  c.promo.otp.service.TelegramService - Telegram notification service initialized
2026-05-01 11:06:04.491 [main] INFO  com.promo.otp.service.EmailService - Loaded email configuration
2026-05-01 11:06:04.508 [main] INFO  com.promo.otp.service.EmailService - Email notification service initialized
2026-05-01 11:06:04.511 [main] INFO  com.promo.otp.service.SmsService - Loaded SMS configuration
2026-05-01 11:06:04.513 [main] INFO  com.promo.otp.service.SmsService - SMS notification service initialized with host: localhost
2026-05-01 11:06:04.515 [main] INFO  c.promo.otp.service.TelegramService - Loaded Telegram configuration
2026-05-01 11:06:04.517 [main] INFO  c.promo.otp.service.TelegramService - Telegram notification service initialized
2026-05-01 11:06:04.646 [main] INFO  c.promo.otp.server.HttpServerManager - HTTP Server started on port 8080
2026-05-01 11:06:04.650 [main] INFO  com.promo.otp.Main - OTP Service started successfully on port 8080
2026-05-01 11:06:17.006 [Thread-1] INFO  com.promo.otp.Main - Shutting down OTP Service...
2026-05-01 11:06:17.018 [Thread-1] INFO  c.promo.otp.server.HttpServerManager - HTTP Server stopped
2026-05-01 11:06:17.023 [Thread-1] INFO  c.p.o.service.ExpiredCodesScheduler - Expired codes scheduler stopped
2026-05-01 11:06:17.026 [Thread-1] INFO  com.zaxxer.hikari.HikariDataSource - OTP-HikariPool - Shutdown initiated...
2026-05-01 11:06:17.046 [Thread-1] INFO  com.zaxxer.hikari.HikariDataSource - OTP-HikariPool - Shutdown completed.
2026-05-01 11:06:17.052 [Thread-1] INFO  com.promo.otp.config.DatabaseConfig - Database connection pool closed
2026-05-01 11:06:17.052 [Thread-1] INFO  com.promo.otp.Main - OTP Service stopped
2026-05-01 11:06:20.882 [main] INFO  com.promo.otp.Main - Starting OTP Service...
2026-05-01 11:06:20.893 [main] INFO  com.promo.otp.config.DatabaseConfig - Connecting to database: jdbc:postgresql://postgres:5432/otp_service
2026-05-01 11:06:20.972 [main] INFO  com.zaxxer.hikari.HikariDataSource - OTP-HikariPool - Starting...
2026-05-01 11:06:22.126 [main] INFO  com.zaxxer.hikari.pool.HikariPool - OTP-HikariPool - Added connection org.postgresql.jdbc.PgConnection@6fd83fc1
2026-05-01 11:06:22.131 [main] INFO  com.zaxxer.hikari.HikariDataSource - OTP-HikariPool - Start completed.
2026-05-01 11:06:22.133 [main] INFO  com.promo.otp.config.DatabaseConfig - Database connection pool created successfully
2026-05-01 11:06:22.153 [main] INFO  com.promo.otp.config.DatabaseConfig - Database connection test successful
2026-05-01 11:06:22.190 [main] INFO  com.promo.otp.Main - Database connection pool initialized
2026-05-01 11:06:22.206 [main] INFO  c.p.o.service.ExpiredCodesScheduler - Expired codes scheduler started
2026-05-01 11:06:22.208 [main] INFO  com.promo.otp.Main - Expired codes cleanup scheduler started
2026-05-01 11:06:23.136 [main] INFO  com.promo.otp.service.EmailService - Loaded email configuration
2026-05-01 11:06:23.247 [main] INFO  com.promo.otp.service.EmailService - Email notification service initialized
2026-05-01 11:06:23.251 [main] INFO  com.promo.otp.service.SmsService - Loaded SMS configuration
2026-05-01 11:06:23.258 [main] INFO  com.promo.otp.service.SmsService - SMS notification service initialized with host: localhost
2026-05-01 11:06:23.262 [main] INFO  c.promo.otp.service.TelegramService - Loaded Telegram configuration
2026-05-01 11:06:23.263 [main] INFO  c.promo.otp.service.TelegramService - Telegram notification service initialized
2026-05-01 11:06:23.268 [main] INFO  com.promo.otp.service.EmailService - Loaded email configuration
2026-05-01 11:06:23.282 [main] INFO  com.promo.otp.service.EmailService - Email notification service initialized
2026-05-01 11:06:23.283 [main] INFO  com.promo.otp.service.SmsService - Loaded SMS configuration
2026-05-01 11:06:23.285 [main] INFO  com.promo.otp.service.SmsService - SMS notification service initialized with host: localhost
2026-05-01 11:06:23.286 [main] INFO  c.promo.otp.service.TelegramService - Loaded Telegram configuration
2026-05-01 11:06:23.286 [main] INFO  c.promo.otp.service.TelegramService - Telegram notification service initialized
2026-05-01 11:06:23.342 [main] INFO  c.promo.otp.server.HttpServerManager - HTTP Server started on port 8080
2026-05-01 11:06:23.345 [main] INFO  com.promo.otp.Main - OTP Service started successfully on port 8080
2026-05-01 11:06:34.686 [pool-2-thread-1] WARN  c.promo.otp.controller.OtpController - OTP generation failed: User not found
2026-05-01 11:07:41.421 [pool-2-thread-3] INFO  com.promo.otp.service.AuthService - First user registered as ADMIN: testuser
2026-05-01 11:07:41.605 [pool-2-thread-3] INFO  com.promo.otp.dao.UserDAO - Saved user: testuser
2026-05-01 11:07:41.654 [pool-2-thread-3] INFO  com.promo.otp.service.AuthService - User registered successfully: testuser
2026-05-01 11:07:41.705 [pool-2-thread-3] INFO  c.p.otp.controller.AuthController - POST /api/auth/register - User registered: testuser
2026-05-01 11:07:50.762 [pool-2-thread-3] INFO  com.promo.otp.service.AuthService - User logged in successfully: testuser
2026-05-01 11:07:50.780 [pool-2-thread-3] INFO  c.p.otp.controller.AuthController - POST /api/auth/login - User logged in: testuser
2026-05-01 11:11:40.142 [Thread-1] INFO  com.promo.otp.Main - Shutting down OTP Service...
2026-05-01 11:11:40.148 [Thread-1] INFO  c.promo.otp.server.HttpServerManager - HTTP Server stopped
2026-05-01 11:11:40.150 [Thread-1] INFO  c.p.o.service.ExpiredCodesScheduler - Expired codes scheduler stopped
2026-05-01 11:11:40.152 [Thread-1] INFO  com.zaxxer.hikari.HikariDataSource - OTP-HikariPool - Shutdown initiated...
2026-05-01 11:11:40.167 [Thread-1] INFO  com.zaxxer.hikari.HikariDataSource - OTP-HikariPool - Shutdown completed.
2026-05-01 11:11:40.167 [Thread-1] INFO  com.promo.otp.config.DatabaseConfig - Database connection pool closed
2026-05-01 11:11:40.167 [Thread-1] INFO  com.promo.otp.Main - OTP Service stopped
2026-05-01 11:11:43.039 [main] INFO  com.promo.otp.Main - Starting OTP Service...
2026-05-01 11:11:43.047 [main] INFO  com.promo.otp.config.DatabaseConfig - Connecting to database: jdbc:postgresql://postgres:5432/otp_service
2026-05-01 11:11:43.092 [main] INFO  com.zaxxer.hikari.HikariDataSource - OTP-HikariPool - Starting...
2026-05-01 11:11:43.851 [main] INFO  com.zaxxer.hikari.pool.HikariPool - OTP-HikariPool - Added connection org.postgresql.jdbc.PgConnection@6fd83fc1
2026-05-01 11:11:43.863 [main] INFO  com.zaxxer.hikari.HikariDataSource - OTP-HikariPool - Start completed.
2026-05-01 11:11:43.864 [main] INFO  com.promo.otp.config.DatabaseConfig - Database connection pool created successfully
2026-05-01 11:11:43.867 [main] INFO  com.promo.otp.config.DatabaseConfig - Database connection test successful
2026-05-01 11:11:43.893 [main] INFO  com.promo.otp.Main - Database connection pool initialized
2026-05-01 11:11:43.902 [main] INFO  c.p.o.service.ExpiredCodesScheduler - Expired codes scheduler started
2026-05-01 11:11:43.904 [main] INFO  com.promo.otp.Main - Expired codes cleanup scheduler started
2026-05-01 11:11:44.471 [main] INFO  com.promo.otp.service.EmailService - Loaded email configuration
2026-05-01 11:11:44.537 [main] INFO  com.promo.otp.service.EmailService - Email notification service initialized
2026-05-01 11:11:44.540 [main] INFO  com.promo.otp.service.SmsService - Loaded SMS configuration
2026-05-01 11:11:44.541 [main] INFO  com.promo.otp.service.SmsService - SMS notification service initialized with host: localhost
2026-05-01 11:11:44.543 [main] INFO  c.promo.otp.service.TelegramService - Loaded Telegram configuration
2026-05-01 11:11:44.544 [main] INFO  c.promo.otp.service.TelegramService - Telegram notification service initialized
2026-05-01 11:11:44.547 [main] INFO  com.promo.otp.service.EmailService - Loaded email configuration
2026-05-01 11:11:44.555 [main] INFO  com.promo.otp.service.EmailService - Email notification service initialized
2026-05-01 11:11:44.557 [main] INFO  com.promo.otp.service.SmsService - Loaded SMS configuration
2026-05-01 11:11:44.558 [main] INFO  com.promo.otp.service.SmsService - SMS notification service initialized with host: localhost
2026-05-01 11:11:44.559 [main] INFO  c.promo.otp.service.TelegramService - Loaded Telegram configuration
2026-05-01 11:11:44.560 [main] INFO  c.promo.otp.service.TelegramService - Telegram notification service initialized
2026-05-01 11:11:44.594 [main] INFO  c.promo.otp.server.HttpServerManager - HTTP Server started on port 8080
2026-05-01 11:11:44.596 [main] INFO  com.promo.otp.Main - OTP Service started successfully on port 8080
2026-05-01 11:12:15.510 [pool-2-thread-1] INFO  com.promo.otp.dao.OtpCodeDAO - Saved OTP code for operation: email_final, user: 1
2026-05-01 11:12:15.639 [pool-2-thread-1] ERROR com.promo.otp.service.EmailService - Failed to send email to test@example.com: Couldn't connect to host, port: host.docker.internal, 1025; timeout -1
2026-05-01 11:12:15.639 [pool-2-thread-1] INFO  com.promo.otp.service.OtpService - Generated OTP for user 1, operation email_final, channel email
2026-05-01 11:12:15.771 [pool-2-thread-1] INFO  c.promo.otp.controller.OtpController - POST /api/otp/generate - User 1 generated OTP for operation email_final
2026-05-01 11:14:32.381 [Thread-1] INFO  com.promo.otp.Main - Shutting down OTP Service...
2026-05-01 11:14:32.385 [Thread-1] INFO  c.promo.otp.server.HttpServerManager - HTTP Server stopped
2026-05-01 11:14:32.387 [Thread-1] INFO  c.p.o.service.ExpiredCodesScheduler - Expired codes scheduler stopped
2026-05-01 11:14:32.388 [Thread-1] INFO  com.zaxxer.hikari.HikariDataSource - OTP-HikariPool - Shutdown initiated...
2026-05-01 11:14:32.399 [Thread-1] INFO  com.zaxxer.hikari.HikariDataSource - OTP-HikariPool - Shutdown completed.
2026-05-01 11:14:32.400 [Thread-1] INFO  com.promo.otp.config.DatabaseConfig - Database connection pool closed
2026-05-01 11:14:32.400 [Thread-1] INFO  com.promo.otp.Main - OTP Service stopped
2026-05-01 11:14:35.163 [main] INFO  com.promo.otp.Main - Starting OTP Service...
2026-05-01 11:14:35.171 [main] INFO  com.promo.otp.config.DatabaseConfig - Connecting to database: jdbc:postgresql://postgres:5432/otp_service
2026-05-01 11:14:35.220 [main] INFO  com.zaxxer.hikari.HikariDataSource - OTP-HikariPool - Starting...
2026-05-01 11:14:36.109 [main] INFO  com.zaxxer.hikari.pool.HikariPool - OTP-HikariPool - Added connection org.postgresql.jdbc.PgConnection@6fd83fc1
2026-05-01 11:14:36.116 [main] INFO  com.zaxxer.hikari.HikariDataSource - OTP-HikariPool - Start completed.
2026-05-01 11:14:36.116 [main] INFO  com.promo.otp.config.DatabaseConfig - Database connection pool created successfully
2026-05-01 11:14:36.125 [main] INFO  com.promo.otp.config.DatabaseConfig - Database connection test successful
2026-05-01 11:14:36.151 [main] INFO  com.promo.otp.Main - Database connection pool initialized
2026-05-01 11:14:36.157 [main] INFO  c.p.o.service.ExpiredCodesScheduler - Expired codes scheduler started
2026-05-01 11:14:36.158 [main] INFO  com.promo.otp.Main - Expired codes cleanup scheduler started
2026-05-01 11:14:36.837 [main] INFO  com.promo.otp.service.EmailService - Loaded email configuration
2026-05-01 11:14:36.908 [main] INFO  com.promo.otp.service.EmailService - Email notification service initialized
2026-05-01 11:14:36.912 [main] INFO  com.promo.otp.service.SmsService - Loaded SMS configuration
2026-05-01 11:14:36.912 [main] INFO  com.promo.otp.service.SmsService - SMS notification service initialized with host: localhost
2026-05-01 11:14:36.914 [main] INFO  c.promo.otp.service.TelegramService - Loaded Telegram configuration
2026-05-01 11:14:36.915 [main] INFO  c.promo.otp.service.TelegramService - Telegram notification service initialized
2026-05-01 11:14:36.921 [main] INFO  com.promo.otp.service.EmailService - Loaded email configuration
2026-05-01 11:14:36.932 [main] INFO  com.promo.otp.service.EmailService - Email notification service initialized
2026-05-01 11:14:36.933 [main] INFO  com.promo.otp.service.SmsService - Loaded SMS configuration
2026-05-01 11:14:36.933 [main] INFO  com.promo.otp.service.SmsService - SMS notification service initialized with host: localhost
2026-05-01 11:14:36.934 [main] INFO  c.promo.otp.service.TelegramService - Loaded Telegram configuration
2026-05-01 11:14:36.934 [main] INFO  c.promo.otp.service.TelegramService - Telegram notification service initialized
2026-05-01 11:14:36.970 [main] INFO  c.promo.otp.server.HttpServerManager - HTTP Server started on port 8080
2026-05-01 11:14:36.971 [main] INFO  com.promo.otp.Main - OTP Service started successfully on port 8080
2026-05-01 11:14:49.005 [pool-2-thread-1] INFO  com.promo.otp.dao.OtpCodeDAO - Saved OTP code for operation: email_fixed_now, user: 1
2026-05-01 11:14:49.118 [pool-2-thread-1] ERROR com.promo.otp.service.EmailService - Failed to send email to test@example.com: Couldn't connect to host, port: host.docker.internal, 1025; timeout -1
2026-05-01 11:14:49.120 [pool-2-thread-1] INFO  com.promo.otp.service.OtpService - Generated OTP for user 1, operation email_fixed_now, channel email
2026-05-01 11:14:49.279 [pool-2-thread-1] INFO  c.promo.otp.controller.OtpController - POST /api/otp/generate - User 1 generated OTP for operation email_fixed_now
2026-05-01 11:17:31.390 [Thread-1] INFO  com.promo.otp.Main - Shutting down OTP Service...
2026-05-01 11:17:31.394 [Thread-1] INFO  c.promo.otp.server.HttpServerManager - HTTP Server stopped
2026-05-01 11:17:31.397 [Thread-1] INFO  c.p.o.service.ExpiredCodesScheduler - Expired codes scheduler stopped
2026-05-01 11:17:31.399 [Thread-1] INFO  com.zaxxer.hikari.HikariDataSource - OTP-HikariPool - Shutdown initiated...
2026-05-01 11:17:31.410 [Thread-1] INFO  com.zaxxer.hikari.HikariDataSource - OTP-HikariPool - Shutdown completed.
2026-05-01 11:17:31.417 [Thread-1] INFO  com.promo.otp.config.DatabaseConfig - Database connection pool closed
2026-05-01 11:17:31.417 [Thread-1] INFO  com.promo.otp.Main - OTP Service stopped
2026-05-01 11:22:22.198 [main] INFO  com.promo.otp.Main - Starting OTP Service...
2026-05-01 11:22:22.238 [main] INFO  com.promo.otp.config.DatabaseConfig - Connecting to database: jdbc:postgresql://postgres:5432/otp_service
2026-05-01 11:22:22.298 [main] INFO  com.zaxxer.hikari.HikariDataSource - OTP-HikariPool - Starting...
2026-05-01 11:22:23.526 [main] ERROR com.promo.otp.config.DatabaseConfig - Failed to load database configuration
com.zaxxer.hikari.pool.HikariPool$PoolInitializationException: Failed to initialize pool: Connection to postgres:5432 refused. Check that the hostname and port are correct and that the postmaster is accepting TCP/IP connections.
	at com.zaxxer.hikari.pool.HikariPool.throwPoolInitializationException(HikariPool.java:584)
	at com.zaxxer.hikari.pool.HikariPool.checkFailFast(HikariPool.java:571)
	at com.zaxxer.hikari.pool.HikariPool.<init>(HikariPool.java:98)
	at com.zaxxer.hikari.HikariDataSource.<init>(HikariDataSource.java:80)
	at com.promo.otp.config.DatabaseConfig.initialize(DatabaseConfig.java:43)
	at com.promo.otp.Main.main(Main.java:16)
Caused by: org.postgresql.util.PSQLException: Connection to postgres:5432 refused. Check that the hostname and port are correct and that the postmaster is accepting TCP/IP connections.
	at org.postgresql.core.v3.ConnectionFactoryImpl.openConnectionImpl(ConnectionFactoryImpl.java:346)
	at org.postgresql.core.ConnectionFactory.openConnection(ConnectionFactory.java:54)
	at org.postgresql.jdbc.PgConnection.<init>(PgConnection.java:273)
	at org.postgresql.Driver.makeConnection(Driver.java:446)
	at org.postgresql.Driver.connect(Driver.java:298)
	at com.zaxxer.hikari.util.DriverDataSource.getConnection(DriverDataSource.java:137)
	at com.zaxxer.hikari.pool.PoolBase.newConnection(PoolBase.java:360)
	at com.zaxxer.hikari.pool.PoolBase.newPoolEntry(PoolBase.java:202)
	at com.zaxxer.hikari.pool.HikariPool.createPoolEntry(HikariPool.java:461)
	at com.zaxxer.hikari.pool.HikariPool.checkFailFast(HikariPool.java:550)
	... 4 common frames omitted
Caused by: java.net.ConnectException: Connection refused
	at java.base/sun.nio.ch.Net.pollConnect(Native Method)
	at java.base/sun.nio.ch.Net.pollConnectNow(Unknown Source)
	at java.base/sun.nio.ch.NioSocketImpl.timedFinishConnect(Unknown Source)
	at java.base/sun.nio.ch.NioSocketImpl.connect(Unknown Source)
	at java.base/java.net.SocksSocketImpl.connect(Unknown Source)
	at java.base/java.net.Socket.connect(Unknown Source)
	at org.postgresql.core.PGStream.createSocket(PGStream.java:243)
	at org.postgresql.core.PGStream.<init>(PGStream.java:98)
	at org.postgresql.core.v3.ConnectionFactoryImpl.tryConnect(ConnectionFactoryImpl.java:136)
	at org.postgresql.core.v3.ConnectionFactoryImpl.openConnectionImpl(ConnectionFactoryImpl.java:262)
	... 13 common frames omitted
2026-05-01 11:22:23.780 [main] ERROR com.promo.otp.Main - Failed to start OTP Service
java.lang.RuntimeException: Database initialization failed
	at com.promo.otp.config.DatabaseConfig.initialize(DatabaseConfig.java:53)
	at com.promo.otp.Main.main(Main.java:16)
Caused by: com.zaxxer.hikari.pool.HikariPool$PoolInitializationException: Failed to initialize pool: Connection to postgres:5432 refused. Check that the hostname and port are correct and that the postmaster is accepting TCP/IP connections.
	at com.zaxxer.hikari.pool.HikariPool.throwPoolInitializationException(HikariPool.java:584)
	at com.zaxxer.hikari.pool.HikariPool.checkFailFast(HikariPool.java:571)
	at com.zaxxer.hikari.pool.HikariPool.<init>(HikariPool.java:98)
	at com.zaxxer.hikari.HikariDataSource.<init>(HikariDataSource.java:80)
	at com.promo.otp.config.DatabaseConfig.initialize(DatabaseConfig.java:43)
	... 1 common frames omitted
Caused by: org.postgresql.util.PSQLException: Connection to postgres:5432 refused. Check that the hostname and port are correct and that the postmaster is accepting TCP/IP connections.
	at org.postgresql.core.v3.ConnectionFactoryImpl.openConnectionImpl(ConnectionFactoryImpl.java:346)
	at org.postgresql.core.ConnectionFactory.openConnection(ConnectionFactory.java:54)
	at org.postgresql.jdbc.PgConnection.<init>(PgConnection.java:273)
	at org.postgresql.Driver.makeConnection(Driver.java:446)
	at org.postgresql.Driver.connect(Driver.java:298)
	at com.zaxxer.hikari.util.DriverDataSource.getConnection(DriverDataSource.java:137)
	at com.zaxxer.hikari.pool.PoolBase.newConnection(PoolBase.java:360)
	at com.zaxxer.hikari.pool.PoolBase.newPoolEntry(PoolBase.java:202)
	at com.zaxxer.hikari.pool.HikariPool.createPoolEntry(HikariPool.java:461)
	at com.zaxxer.hikari.pool.HikariPool.checkFailFast(HikariPool.java:550)
	... 4 common frames omitted
Caused by: java.net.ConnectException: Connection refused
	at java.base/sun.nio.ch.Net.pollConnect(Native Method)
	at java.base/sun.nio.ch.Net.pollConnectNow(Unknown Source)
	at java.base/sun.nio.ch.NioSocketImpl.timedFinishConnect(Unknown Source)
	at java.base/sun.nio.ch.NioSocketImpl.connect(Unknown Source)
	at java.base/java.net.SocksSocketImpl.connect(Unknown Source)
	at java.base/java.net.Socket.connect(Unknown Source)
	at org.postgresql.core.PGStream.createSocket(PGStream.java:243)
	at org.postgresql.core.PGStream.<init>(PGStream.java:98)
	at org.postgresql.core.v3.ConnectionFactoryImpl.tryConnect(ConnectionFactoryImpl.java:136)
	at org.postgresql.core.v3.ConnectionFactoryImpl.openConnectionImpl(ConnectionFactoryImpl.java:262)
	... 13 common frames omitted
2026-05-01 11:22:30.359 [main] INFO  com.promo.otp.Main - Starting OTP Service...
2026-05-01 11:22:30.373 [main] INFO  com.promo.otp.config.DatabaseConfig - Connecting to database: jdbc:postgresql://postgres:5432/otp_service
2026-05-01 11:22:30.445 [main] INFO  com.zaxxer.hikari.HikariDataSource - OTP-HikariPool - Starting...
2026-05-01 11:22:31.971 [main] ERROR com.promo.otp.config.DatabaseConfig - Failed to load database configuration
com.zaxxer.hikari.pool.HikariPool$PoolInitializationException: Failed to initialize pool: Connection to postgres:5432 refused. Check that the hostname and port are correct and that the postmaster is accepting TCP/IP connections.
	at com.zaxxer.hikari.pool.HikariPool.throwPoolInitializationException(HikariPool.java:584)
	at com.zaxxer.hikari.pool.HikariPool.checkFailFast(HikariPool.java:571)
	at com.zaxxer.hikari.pool.HikariPool.<init>(HikariPool.java:98)
	at com.zaxxer.hikari.HikariDataSource.<init>(HikariDataSource.java:80)
	at com.promo.otp.config.DatabaseConfig.initialize(DatabaseConfig.java:43)
	at com.promo.otp.Main.main(Main.java:16)
Caused by: org.postgresql.util.PSQLException: Connection to postgres:5432 refused. Check that the hostname and port are correct and that the postmaster is accepting TCP/IP connections.
	at org.postgresql.core.v3.ConnectionFactoryImpl.openConnectionImpl(ConnectionFactoryImpl.java:346)
	at org.postgresql.core.ConnectionFactory.openConnection(ConnectionFactory.java:54)
	at org.postgresql.jdbc.PgConnection.<init>(PgConnection.java:273)
	at org.postgresql.Driver.makeConnection(Driver.java:446)
	at org.postgresql.Driver.connect(Driver.java:298)
	at com.zaxxer.hikari.util.DriverDataSource.getConnection(DriverDataSource.java:137)
	at com.zaxxer.hikari.pool.PoolBase.newConnection(PoolBase.java:360)
	at com.zaxxer.hikari.pool.PoolBase.newPoolEntry(PoolBase.java:202)
	at com.zaxxer.hikari.pool.HikariPool.createPoolEntry(HikariPool.java:461)
	at com.zaxxer.hikari.pool.HikariPool.checkFailFast(HikariPool.java:550)
	... 4 common frames omitted
Caused by: java.net.ConnectException: Connection refused
	at java.base/sun.nio.ch.Net.pollConnect(Native Method)
	at java.base/sun.nio.ch.Net.pollConnectNow(Unknown Source)
	at java.base/sun.nio.ch.NioSocketImpl.timedFinishConnect(Unknown Source)
	at java.base/sun.nio.ch.NioSocketImpl.connect(Unknown Source)
	at java.base/java.net.SocksSocketImpl.connect(Unknown Source)
	at java.base/java.net.Socket.connect(Unknown Source)
	at org.postgresql.core.PGStream.createSocket(PGStream.java:243)
	at org.postgresql.core.PGStream.<init>(PGStream.java:98)
	at org.postgresql.core.v3.ConnectionFactoryImpl.tryConnect(ConnectionFactoryImpl.java:136)
	at org.postgresql.core.v3.ConnectionFactoryImpl.openConnectionImpl(ConnectionFactoryImpl.java:262)
	... 13 common frames omitted
2026-05-01 11:22:31.982 [main] ERROR com.promo.otp.Main - Failed to start OTP Service
java.lang.RuntimeException: Database initialization failed
	at com.promo.otp.config.DatabaseConfig.initialize(DatabaseConfig.java:53)
	at com.promo.otp.Main.main(Main.java:16)
Caused by: com.zaxxer.hikari.pool.HikariPool$PoolInitializationException: Failed to initialize pool: Connection to postgres:5432 refused. Check that the hostname and port are correct and that the postmaster is accepting TCP/IP connections.
	at com.zaxxer.hikari.pool.HikariPool.throwPoolInitializationException(HikariPool.java:584)
	at com.zaxxer.hikari.pool.HikariPool.checkFailFast(HikariPool.java:571)
	at com.zaxxer.hikari.pool.HikariPool.<init>(HikariPool.java:98)
	at com.zaxxer.hikari.HikariDataSource.<init>(HikariDataSource.java:80)
	at com.promo.otp.config.DatabaseConfig.initialize(DatabaseConfig.java:43)
	... 1 common frames omitted
Caused by: org.postgresql.util.PSQLException: Connection to postgres:5432 refused. Check that the hostname and port are correct and that the postmaster is accepting TCP/IP connections.
	at org.postgresql.core.v3.ConnectionFactoryImpl.openConnectionImpl(ConnectionFactoryImpl.java:346)
	at org.postgresql.core.ConnectionFactory.openConnection(ConnectionFactory.java:54)
	at org.postgresql.jdbc.PgConnection.<init>(PgConnection.java:273)
	at org.postgresql.Driver.makeConnection(Driver.java:446)
	at org.postgresql.Driver.connect(Driver.java:298)
	at com.zaxxer.hikari.util.DriverDataSource.getConnection(DriverDataSource.java:137)
	at com.zaxxer.hikari.pool.PoolBase.newConnection(PoolBase.java:360)
	at com.zaxxer.hikari.pool.PoolBase.newPoolEntry(PoolBase.java:202)
	at com.zaxxer.hikari.pool.HikariPool.createPoolEntry(HikariPool.java:461)
	at com.zaxxer.hikari.pool.HikariPool.checkFailFast(HikariPool.java:550)
	... 4 common frames omitted
Caused by: java.net.ConnectException: Connection refused
	at java.base/sun.nio.ch.Net.pollConnect(Native Method)
	at java.base/sun.nio.ch.Net.pollConnectNow(Unknown Source)
	at java.base/sun.nio.ch.NioSocketImpl.timedFinishConnect(Unknown Source)
	at java.base/sun.nio.ch.NioSocketImpl.connect(Unknown Source)
	at java.base/java.net.SocksSocketImpl.connect(Unknown Source)
	at java.base/java.net.Socket.connect(Unknown Source)
	at org.postgresql.core.PGStream.createSocket(PGStream.java:243)
	at org.postgresql.core.PGStream.<init>(PGStream.java:98)
	at org.postgresql.core.v3.ConnectionFactoryImpl.tryConnect(ConnectionFactoryImpl.java:136)
	at org.postgresql.core.v3.ConnectionFactoryImpl.openConnectionImpl(ConnectionFactoryImpl.java:262)
	... 13 common frames omitted
2026-05-01 11:22:34.799 [main] INFO  com.promo.otp.Main - Starting OTP Service...
2026-05-01 11:22:34.808 [main] INFO  com.promo.otp.config.DatabaseConfig - Connecting to database: jdbc:postgresql://postgres:5432/otp_service
2026-05-01 11:22:34.862 [main] INFO  com.zaxxer.hikari.HikariDataSource - OTP-HikariPool - Starting...
2026-05-01 11:22:35.897 [main] INFO  com.zaxxer.hikari.pool.HikariPool - OTP-HikariPool - Added connection org.postgresql.jdbc.PgConnection@6fd83fc1
2026-05-01 11:22:35.904 [main] INFO  com.zaxxer.hikari.HikariDataSource - OTP-HikariPool - Start completed.
2026-05-01 11:22:35.905 [main] INFO  com.promo.otp.config.DatabaseConfig - Database connection pool created successfully
2026-05-01 11:22:35.914 [main] INFO  com.promo.otp.config.DatabaseConfig - Database connection test successful
2026-05-01 11:22:35.945 [main] INFO  com.promo.otp.Main - Database connection pool initialized
2026-05-01 11:22:35.950 [main] INFO  c.p.o.service.ExpiredCodesScheduler - Expired codes scheduler started
2026-05-01 11:22:35.952 [main] INFO  com.promo.otp.Main - Expired codes cleanup scheduler started
2026-05-01 11:22:36.596 [main] INFO  com.promo.otp.service.EmailService - Loaded email configuration
2026-05-01 11:22:36.681 [main] INFO  com.promo.otp.service.EmailService - Email service configured with host: 172.18.0.2:1025
2026-05-01 11:22:36.686 [main] INFO  com.promo.otp.service.SmsService - Loaded SMS configuration
2026-05-01 11:22:36.687 [main] INFO  com.promo.otp.service.SmsService - SMS notification service initialized with host: localhost
2026-05-01 11:22:36.688 [main] INFO  c.promo.otp.service.TelegramService - Loaded Telegram configuration
2026-05-01 11:22:36.689 [main] INFO  c.promo.otp.service.TelegramService - Telegram notification service initialized
2026-05-01 11:22:36.691 [main] INFO  com.promo.otp.service.EmailService - Loaded email configuration
2026-05-01 11:22:36.703 [main] INFO  com.promo.otp.service.EmailService - Email service configured with host: 172.18.0.2:1025
2026-05-01 11:22:36.704 [main] INFO  com.promo.otp.service.SmsService - Loaded SMS configuration
2026-05-01 11:22:36.704 [main] INFO  com.promo.otp.service.SmsService - SMS notification service initialized with host: localhost
2026-05-01 11:22:36.704 [main] INFO  c.promo.otp.service.TelegramService - Loaded Telegram configuration
2026-05-01 11:22:36.704 [main] INFO  c.promo.otp.service.TelegramService - Telegram notification service initialized
2026-05-01 11:22:36.749 [main] INFO  c.promo.otp.server.HttpServerManager - HTTP Server started on port 8080
2026-05-01 11:22:36.751 [main] INFO  com.promo.otp.Main - OTP Service started successfully on port 8080
2026-05-01 11:25:09.955 [Thread-1] INFO  com.promo.otp.Main - Shutting down OTP Service...
2026-05-01 11:25:09.963 [Thread-1] INFO  c.promo.otp.server.HttpServerManager - HTTP Server stopped
2026-05-01 11:25:09.967 [Thread-1] INFO  c.p.o.service.ExpiredCodesScheduler - Expired codes scheduler stopped
2026-05-01 11:25:09.970 [Thread-1] INFO  com.zaxxer.hikari.HikariDataSource - OTP-HikariPool - Shutdown initiated...
2026-05-01 11:25:09.989 [Thread-1] INFO  com.zaxxer.hikari.HikariDataSource - OTP-HikariPool - Shutdown completed.
2026-05-01 11:25:09.991 [Thread-1] INFO  com.promo.otp.config.DatabaseConfig - Database connection pool closed
2026-05-01 11:25:09.991 [Thread-1] INFO  com.promo.otp.Main - OTP Service stopped
2026-05-01 11:25:12.463 [main] INFO  com.promo.otp.Main - Starting OTP Service...
2026-05-01 11:25:12.469 [main] INFO  com.promo.otp.config.DatabaseConfig - Connecting to database: jdbc:postgresql://postgres:5432/otp_service
2026-05-01 11:25:12.532 [main] INFO  com.zaxxer.hikari.HikariDataSource - OTP-HikariPool - Starting...
2026-05-01 11:25:13.270 [main] INFO  com.zaxxer.hikari.pool.HikariPool - OTP-HikariPool - Added connection org.postgresql.jdbc.PgConnection@6fd83fc1
2026-05-01 11:25:13.274 [main] INFO  com.zaxxer.hikari.HikariDataSource - OTP-HikariPool - Start completed.
2026-05-01 11:25:13.276 [main] INFO  com.promo.otp.config.DatabaseConfig - Database connection pool created successfully
2026-05-01 11:25:13.282 [main] INFO  com.promo.otp.config.DatabaseConfig - Database connection test successful
2026-05-01 11:25:13.308 [main] INFO  com.promo.otp.Main - Database connection pool initialized
2026-05-01 11:25:13.317 [main] INFO  c.p.o.service.ExpiredCodesScheduler - Expired codes scheduler started
2026-05-01 11:25:13.318 [main] INFO  com.promo.otp.Main - Expired codes cleanup scheduler started
2026-05-01 11:25:13.896 [main] INFO  com.promo.otp.service.EmailService - Loaded email configuration
2026-05-01 11:25:13.961 [main] INFO  com.promo.otp.service.EmailService - Email service configured with host: 172.18.0.2:1025
2026-05-01 11:25:13.965 [main] INFO  com.promo.otp.service.SmsService - Loaded SMS configuration
2026-05-01 11:25:13.966 [main] INFO  com.promo.otp.service.SmsService - SMS notification service initialized with host: localhost
2026-05-01 11:25:13.969 [main] INFO  c.promo.otp.service.TelegramService - Loaded Telegram configuration
2026-05-01 11:25:13.970 [main] INFO  c.promo.otp.service.TelegramService - Telegram notification service initialized
2026-05-01 11:25:13.974 [main] INFO  com.promo.otp.service.EmailService - Loaded email configuration
2026-05-01 11:25:13.988 [main] INFO  com.promo.otp.service.EmailService - Email service configured with host: 172.18.0.2:1025
2026-05-01 11:25:13.992 [main] INFO  com.promo.otp.service.SmsService - Loaded SMS configuration
2026-05-01 11:25:13.992 [main] INFO  com.promo.otp.service.SmsService - SMS notification service initialized with host: localhost
2026-05-01 11:25:13.993 [main] INFO  c.promo.otp.service.TelegramService - Loaded Telegram configuration
2026-05-01 11:25:13.994 [main] INFO  c.promo.otp.service.TelegramService - Telegram notification service initialized
2026-05-01 11:25:14.029 [main] INFO  c.promo.otp.server.HttpServerManager - HTTP Server started on port 8080
2026-05-01 11:25:14.031 [main] INFO  com.promo.otp.Main - OTP Service started successfully on port 8080
2026-05-01 11:25:49.789 [pool-2-thread-1] INFO  com.promo.otp.service.AuthService - First user registered as ADMIN: emailuser
2026-05-01 11:25:49.921 [pool-2-thread-1] INFO  com.promo.otp.dao.UserDAO - Saved user: emailuser
2026-05-01 11:25:50.087 [pool-2-thread-1] INFO  com.promo.otp.service.AuthService - User registered successfully: emailuser
2026-05-01 11:25:50.220 [pool-2-thread-1] INFO  c.p.otp.controller.AuthController - POST /api/auth/register - User registered: emailuser
2026-05-01 11:25:50.381 [pool-2-thread-2] INFO  com.promo.otp.service.AuthService - User logged in successfully: emailuser
2026-05-01 11:25:50.385 [pool-2-thread-2] INFO  c.p.otp.controller.AuthController - POST /api/auth/login - User logged in: emailuser
2026-05-01 11:26:26.291 [pool-2-thread-1] INFO  com.promo.otp.dao.OtpCodeDAO - Saved OTP code for operation: email_final_test, user: 1
2026-05-01 11:26:26.366 [pool-2-thread-1] ERROR com.promo.otp.service.EmailService - Failed to send email to test@example.com: Couldn't connect to host, port: 172.18.0.2, 1025; timeout -1
2026-05-01 11:26:26.367 [pool-2-thread-1] INFO  com.promo.otp.service.OtpService - Generated OTP for user 1, operation email_final_test, channel email
2026-05-01 11:26:26.371 [pool-2-thread-1] INFO  c.promo.otp.controller.OtpController - POST /api/otp/generate - User 1 generated OTP for operation email_final_test
2026-05-01 11:32:13.323 [pool-1-thread-1] INFO  com.promo.otp.dao.OtpCodeDAO - Expired 1 OTP codes
2026-05-01 11:32:13.324 [pool-1-thread-1] DEBUG c.p.o.service.ExpiredCodesScheduler - Expired 1 OTP codes
2026-05-01 11:33:10.279 [Thread-1] INFO  com.promo.otp.Main - Shutting down OTP Service...
2026-05-01 11:33:10.291 [Thread-1] INFO  c.promo.otp.server.HttpServerManager - HTTP Server stopped
2026-05-01 11:33:10.295 [Thread-1] INFO  c.p.o.service.ExpiredCodesScheduler - Expired codes scheduler stopped
2026-05-01 11:33:10.300 [Thread-1] INFO  com.zaxxer.hikari.HikariDataSource - OTP-HikariPool - Shutdown initiated...
2026-05-01 11:33:10.344 [Thread-1] INFO  com.zaxxer.hikari.HikariDataSource - OTP-HikariPool - Shutdown completed.
2026-05-01 11:33:10.346 [Thread-1] INFO  com.promo.otp.config.DatabaseConfig - Database connection pool closed
2026-05-01 11:33:10.346 [Thread-1] INFO  com.promo.otp.Main - OTP Service stopped
2026-05-01 11:34:41.086 [main] INFO  com.promo.otp.Main - Starting OTP Service...
2026-05-01 11:34:41.094 [main] INFO  com.promo.otp.config.DatabaseConfig - Connecting to database: jdbc:postgresql://postgres:5432/otp_service
2026-05-01 11:34:41.145 [main] INFO  com.zaxxer.hikari.HikariDataSource - OTP-HikariPool - Starting...
2026-05-01 11:34:41.993 [main] INFO  com.zaxxer.hikari.pool.HikariPool - OTP-HikariPool - Added connection org.postgresql.jdbc.PgConnection@6fd83fc1
2026-05-01 11:34:42.000 [main] INFO  com.zaxxer.hikari.HikariDataSource - OTP-HikariPool - Start completed.
2026-05-01 11:34:42.001 [main] INFO  com.promo.otp.config.DatabaseConfig - Database connection pool created successfully
2026-05-01 11:34:42.008 [main] INFO  com.promo.otp.config.DatabaseConfig - Database connection test successful
2026-05-01 11:34:42.039 [main] INFO  com.promo.otp.Main - Database connection pool initialized
2026-05-01 11:34:42.049 [main] INFO  c.p.o.service.ExpiredCodesScheduler - Expired codes scheduler started
2026-05-01 11:34:42.051 [main] INFO  com.promo.otp.Main - Expired codes cleanup scheduler started
2026-05-01 11:34:42.742 [main] INFO  com.promo.otp.service.EmailService - Loaded email configuration
2026-05-01 11:34:42.810 [main] INFO  com.promo.otp.service.EmailService - Email service configured with host: mailhog:1025
2026-05-01 11:34:42.813 [main] INFO  com.promo.otp.service.SmsService - Loaded SMS configuration
2026-05-01 11:34:42.815 [main] INFO  com.promo.otp.service.SmsService - SMS notification service initialized with host: localhost
2026-05-01 11:34:42.818 [main] INFO  c.promo.otp.service.TelegramService - Loaded Telegram configuration
2026-05-01 11:34:42.819 [main] INFO  c.promo.otp.service.TelegramService - Telegram notification service initialized
2026-05-01 11:34:42.827 [main] INFO  com.promo.otp.service.EmailService - Loaded email configuration
2026-05-01 11:34:42.836 [main] INFO  com.promo.otp.service.EmailService - Email service configured with host: mailhog:1025
2026-05-01 11:34:42.838 [main] INFO  com.promo.otp.service.SmsService - Loaded SMS configuration
2026-05-01 11:34:42.841 [main] INFO  com.promo.otp.service.SmsService - SMS notification service initialized with host: localhost
2026-05-01 11:34:42.842 [main] INFO  c.promo.otp.service.TelegramService - Loaded Telegram configuration
2026-05-01 11:34:42.843 [main] INFO  c.promo.otp.service.TelegramService - Telegram notification service initialized
2026-05-01 11:34:42.877 [main] INFO  c.promo.otp.server.HttpServerManager - HTTP Server started on port 8080
2026-05-01 11:34:42.879 [main] INFO  com.promo.otp.Main - OTP Service started successfully on port 8080
2026-05-01 11:35:40.164 [pool-2-thread-1] INFO  com.promo.otp.service.AuthService - First user registered as ADMIN: testuser
2026-05-01 11:35:40.369 [pool-2-thread-1] INFO  com.promo.otp.dao.UserDAO - Saved user: testuser
2026-05-01 11:35:40.662 [pool-2-thread-1] INFO  com.promo.otp.service.AuthService - User registered successfully: testuser
2026-05-01 11:35:40.862 [pool-2-thread-1] INFO  c.p.otp.controller.AuthController - POST /api/auth/register - User registered: testuser
2026-05-01 11:35:50.890 [pool-2-thread-2] INFO  com.promo.otp.service.AuthService - User logged in successfully: testuser
2026-05-01 11:35:50.892 [pool-2-thread-2] INFO  c.p.otp.controller.AuthController - POST /api/auth/login - User logged in: testuser
2026-05-01 11:36:39.638 [pool-2-thread-2] INFO  com.promo.otp.service.AuthService - User logged in successfully: testuser
2026-05-01 11:36:39.641 [pool-2-thread-2] INFO  c.p.otp.controller.AuthController - POST /api/auth/login - User logged in: testuser
2026-05-01 11:37:58.953 [pool-2-thread-3] INFO  com.promo.otp.service.AuthService - User logged in successfully: testuser
2026-05-01 11:37:58.958 [pool-2-thread-3] INFO  c.p.otp.controller.AuthController - POST /api/auth/login - User logged in: testuser
2026-05-01 11:38:52.123 [pool-2-thread-3] INFO  com.promo.otp.dao.OtpCodeDAO - Saved OTP code for operation: email_test_work, user: 1
2026-05-01 11:38:52.219 [pool-2-thread-3] INFO  com.promo.otp.service.EmailService - Email sent successfully to: test@example.com
2026-05-01 11:38:52.221 [pool-2-thread-3] INFO  com.promo.otp.service.OtpService - Generated OTP for user 1, operation email_test_work, channel email
2026-05-01 11:38:52.223 [pool-2-thread-3] INFO  c.promo.otp.controller.OtpController - POST /api/otp/generate - User 1 generated OTP for operation email_test_work
2026-05-01 11:44:42.061 [pool-1-thread-1] INFO  com.promo.otp.dao.OtpCodeDAO - Expired 1 OTP codes
2026-05-01 11:44:42.066 [pool-1-thread-1] DEBUG c.p.o.service.ExpiredCodesScheduler - Expired 1 OTP codes
2026-05-01 12:21:47.608 [Thread-1] INFO  com.promo.otp.Main - Shutting down OTP Service...
2026-05-01 12:21:47.616 [Thread-1] INFO  c.promo.otp.server.HttpServerManager - HTTP Server stopped
2026-05-01 12:21:47.618 [Thread-1] INFO  c.p.o.service.ExpiredCodesScheduler - Expired codes scheduler stopped
2026-05-01 12:21:47.622 [Thread-1] INFO  com.zaxxer.hikari.HikariDataSource - OTP-HikariPool - Shutdown initiated...
2026-05-01 12:21:47.639 [Thread-1] INFO  com.zaxxer.hikari.HikariDataSource - OTP-HikariPool - Shutdown completed.
2026-05-01 12:21:47.640 [Thread-1] INFO  com.promo.otp.config.DatabaseConfig - Database connection pool closed
2026-05-01 12:21:47.640 [Thread-1] INFO  com.promo.otp.Main - OTP Service stopped
2026-05-01 12:21:49.739 [main] INFO  com.promo.otp.Main - Starting OTP Service...
2026-05-01 12:21:49.747 [main] INFO  com.promo.otp.config.DatabaseConfig - Connecting to database: jdbc:postgresql://postgres:5432/otp_service
2026-05-01 12:21:49.796 [main] INFO  com.zaxxer.hikari.HikariDataSource - OTP-HikariPool - Starting...
2026-05-01 12:21:50.710 [main] INFO  com.zaxxer.hikari.pool.HikariPool - OTP-HikariPool - Added connection org.postgresql.jdbc.PgConnection@6fd83fc1
2026-05-01 12:21:50.713 [main] INFO  com.zaxxer.hikari.HikariDataSource - OTP-HikariPool - Start completed.
2026-05-01 12:21:50.714 [main] INFO  com.promo.otp.config.DatabaseConfig - Database connection pool created successfully
2026-05-01 12:21:50.725 [main] INFO  com.promo.otp.config.DatabaseConfig - Database connection test successful
2026-05-01 12:21:50.751 [main] INFO  com.promo.otp.Main - Database connection pool initialized
2026-05-01 12:21:50.766 [main] INFO  c.p.o.service.ExpiredCodesScheduler - Expired codes scheduler started
2026-05-01 12:21:50.790 [main] INFO  com.promo.otp.Main - Expired codes cleanup scheduler started
2026-05-01 12:21:51.230 [main] INFO  com.promo.otp.service.EmailService - Loaded email configuration
2026-05-01 12:21:51.298 [main] INFO  com.promo.otp.service.EmailService - Email service configured with host: mailhog:1025
2026-05-01 12:21:51.300 [main] INFO  com.promo.otp.service.SmsService - Loaded SMS configuration
2026-05-01 12:21:51.300 [main] INFO  com.promo.otp.service.SmsService - SMS notification service initialized with host: localhost
2026-05-01 12:21:51.302 [main] INFO  c.promo.otp.service.TelegramService - Loaded Telegram configuration
2026-05-01 12:21:51.306 [main] INFO  c.promo.otp.service.TelegramService - Telegram notification service initialized
2026-05-01 12:21:51.309 [main] INFO  com.promo.otp.service.EmailService - Loaded email configuration
2026-05-01 12:21:51.315 [main] INFO  com.promo.otp.service.EmailService - Email service configured with host: mailhog:1025
2026-05-01 12:21:51.320 [main] INFO  com.promo.otp.service.SmsService - Loaded SMS configuration
2026-05-01 12:21:51.326 [main] INFO  com.promo.otp.service.SmsService - SMS notification service initialized with host: localhost
2026-05-01 12:21:51.327 [main] INFO  c.promo.otp.service.TelegramService - Loaded Telegram configuration
2026-05-01 12:21:51.327 [main] INFO  c.promo.otp.service.TelegramService - Telegram notification service initialized
2026-05-01 12:21:51.473 [main] INFO  c.promo.otp.server.HttpServerManager - HTTP Server started on port 8080
2026-05-01 12:21:51.479 [main] INFO  com.promo.otp.Main - OTP Service started successfully on port 8080
2026-05-01 12:22:24.708 [pool-2-thread-1] INFO  com.promo.otp.service.AuthService - User logged in successfully: testuser
2026-05-01 12:22:24.838 [pool-2-thread-1] INFO  c.p.otp.controller.AuthController - POST /api/auth/login - User logged in: testuser
2026-05-01 12:22:25.026 [pool-2-thread-2] INFO  com.promo.otp.dao.UserDAO - Saved user: smstest
2026-05-01 12:22:25.030 [pool-2-thread-2] INFO  com.promo.otp.service.AuthService - User registered successfully: smstest
2026-05-01 12:22:25.035 [pool-2-thread-2] INFO  c.p.otp.controller.AuthController - POST /api/auth/register - User registered: smstest
2026-05-01 12:22:25.206 [pool-2-thread-2] INFO  com.promo.otp.service.AuthService - User logged in successfully: smstest
2026-05-01 12:22:25.214 [pool-2-thread-2] INFO  c.p.otp.controller.AuthController - POST /api/auth/login - User logged in: smstest
2026-05-01 12:23:06.862 [pool-2-thread-1] INFO  com.promo.otp.service.AuthService - User logged in successfully: smstest
2026-05-01 12:23:06.872 [pool-2-thread-1] INFO  c.p.otp.controller.AuthController - POST /api/auth/login - User logged in: smstest
2026-05-01 12:24:16.627 [pool-2-thread-3] INFO  com.promo.otp.dao.OtpCodeDAO - Saved OTP code for operation: sms_final_test, user: 2
2026-05-01 12:24:16.664 [pool-2-thread-3] ERROR com.promo.otp.service.SmsService - Failed to send SMS to +79123456789: Connection refused
2026-05-01 12:24:16.666 [pool-2-thread-3] INFO  com.promo.otp.service.OtpService - Generated OTP for user 2, operation sms_final_test, channel sms
2026-05-01 12:24:16.671 [pool-2-thread-3] INFO  c.promo.otp.controller.OtpController - POST /api/otp/generate - User 2 generated OTP for operation sms_final_test
2026-05-01 12:27:03.435 [Thread-1] INFO  com.promo.otp.Main - Shutting down OTP Service...
2026-05-01 12:27:03.440 [Thread-1] INFO  c.promo.otp.server.HttpServerManager - HTTP Server stopped
2026-05-01 12:27:03.450 [Thread-1] INFO  c.p.o.service.ExpiredCodesScheduler - Expired codes scheduler stopped
2026-05-01 12:27:03.455 [Thread-1] INFO  com.zaxxer.hikari.HikariDataSource - OTP-HikariPool - Shutdown initiated...
2026-05-01 12:27:03.485 [Thread-1] INFO  com.zaxxer.hikari.HikariDataSource - OTP-HikariPool - Shutdown completed.
2026-05-01 12:27:03.493 [Thread-1] INFO  com.promo.otp.config.DatabaseConfig - Database connection pool closed
2026-05-01 12:27:03.495 [Thread-1] INFO  com.promo.otp.Main - OTP Service stopped
2026-05-01 12:27:06.090 [main] INFO  com.promo.otp.Main - Starting OTP Service...
2026-05-01 12:27:06.097 [main] INFO  com.promo.otp.config.DatabaseConfig - Connecting to database: jdbc:postgresql://postgres:5432/otp_service
2026-05-01 12:27:06.145 [main] INFO  com.zaxxer.hikari.HikariDataSource - OTP-HikariPool - Starting...
2026-05-01 12:27:06.931 [main] INFO  com.zaxxer.hikari.pool.HikariPool - OTP-HikariPool - Added connection org.postgresql.jdbc.PgConnection@6fd83fc1
2026-05-01 12:27:06.938 [main] INFO  com.zaxxer.hikari.HikariDataSource - OTP-HikariPool - Start completed.
2026-05-01 12:27:06.941 [main] INFO  com.promo.otp.config.DatabaseConfig - Database connection pool created successfully
2026-05-01 12:27:06.949 [main] INFO  com.promo.otp.config.DatabaseConfig - Database connection test successful
2026-05-01 12:27:06.973 [main] INFO  com.promo.otp.Main - Database connection pool initialized
2026-05-01 12:27:06.982 [main] INFO  c.p.o.service.ExpiredCodesScheduler - Expired codes scheduler started
2026-05-01 12:27:06.983 [main] INFO  com.promo.otp.Main - Expired codes cleanup scheduler started
2026-05-01 12:27:07.614 [main] INFO  com.promo.otp.service.EmailService - Loaded email configuration
2026-05-01 12:27:07.669 [main] INFO  com.promo.otp.service.EmailService - Email service configured with host: mailhog:1025
2026-05-01 12:27:07.679 [main] INFO  com.promo.otp.service.SmsService - Loaded SMS configuration
2026-05-01 12:27:07.688 [main] INFO  com.promo.otp.service.SmsService - SMS notification service initialized with host: localhost
2026-05-01 12:27:07.699 [main] INFO  c.promo.otp.service.TelegramService - Loaded Telegram configuration
2026-05-01 12:27:07.701 [main] INFO  c.promo.otp.service.TelegramService - Telegram notification service initialized
2026-05-01 12:27:07.711 [main] INFO  com.promo.otp.service.EmailService - Loaded email configuration
2026-05-01 12:27:07.727 [main] INFO  com.promo.otp.service.EmailService - Email service configured with host: mailhog:1025
2026-05-01 12:27:07.728 [main] INFO  com.promo.otp.service.SmsService - Loaded SMS configuration
2026-05-01 12:27:07.729 [main] INFO  com.promo.otp.service.SmsService - SMS notification service initialized with host: localhost
2026-05-01 12:27:07.729 [main] INFO  c.promo.otp.service.TelegramService - Loaded Telegram configuration
2026-05-01 12:27:07.730 [main] INFO  c.promo.otp.service.TelegramService - Telegram notification service initialized
2026-05-01 12:27:07.768 [main] INFO  c.promo.otp.server.HttpServerManager - HTTP Server started on port 8080
2026-05-01 12:27:07.771 [main] INFO  com.promo.otp.Main - OTP Service started successfully on port 8080
2026-05-01 12:27:40.095 [pool-2-thread-1] INFO  com.promo.otp.dao.OtpCodeDAO - Saved OTP code for operation: sms_working, user: 2
2026-05-01 12:27:40.140 [pool-2-thread-1] ERROR com.promo.otp.service.SmsService - Failed to send SMS to +79123456789: Connection refused
2026-05-01 12:27:40.142 [pool-2-thread-1] INFO  com.promo.otp.service.OtpService - Generated OTP for user 2, operation sms_working, channel sms
2026-05-01 12:27:40.280 [pool-2-thread-1] INFO  c.promo.otp.controller.OtpController - POST /api/otp/generate - User 2 generated OTP for operation sms_working
2026-05-01 12:30:06.997 [pool-1-thread-1] INFO  com.promo.otp.dao.OtpCodeDAO - Expired 1 OTP codes
2026-05-01 12:30:06.998 [pool-1-thread-1] DEBUG c.p.o.service.ExpiredCodesScheduler - Expired 1 OTP codes
2026-05-01 12:30:24.481 [Thread-1] INFO  com.promo.otp.Main - Shutting down OTP Service...
2026-05-01 12:30:24.486 [Thread-1] INFO  c.promo.otp.server.HttpServerManager - HTTP Server stopped
2026-05-01 12:30:24.489 [Thread-1] INFO  c.p.o.service.ExpiredCodesScheduler - Expired codes scheduler stopped
2026-05-01 12:30:24.491 [Thread-1] INFO  com.zaxxer.hikari.HikariDataSource - OTP-HikariPool - Shutdown initiated...
2026-05-01 12:30:24.501 [Thread-1] INFO  com.zaxxer.hikari.HikariDataSource - OTP-HikariPool - Shutdown completed.
2026-05-01 12:30:24.502 [Thread-1] INFO  com.promo.otp.config.DatabaseConfig - Database connection pool closed
2026-05-01 12:30:24.503 [Thread-1] INFO  com.promo.otp.Main - OTP Service stopped
2026-05-01 12:38:53.793 [main] INFO  com.promo.otp.Main - Starting OTP Service...
2026-05-01 12:38:53.802 [main] INFO  com.promo.otp.config.DatabaseConfig - Connecting to database: jdbc:postgresql://postgres:5432/otp_service
2026-05-01 12:38:53.850 [main] INFO  com.zaxxer.hikari.HikariDataSource - OTP-HikariPool - Starting...
2026-05-01 12:38:54.900 [main] INFO  com.zaxxer.hikari.pool.HikariPool - OTP-HikariPool - Added connection org.postgresql.jdbc.PgConnection@6fd83fc1
2026-05-01 12:38:54.907 [main] INFO  com.zaxxer.hikari.HikariDataSource - OTP-HikariPool - Start completed.
2026-05-01 12:38:54.910 [main] INFO  com.promo.otp.config.DatabaseConfig - Database connection pool created successfully
2026-05-01 12:38:54.916 [main] INFO  com.promo.otp.config.DatabaseConfig - Database connection test successful
2026-05-01 12:38:54.947 [main] INFO  com.promo.otp.Main - Database connection pool initialized
2026-05-01 12:38:54.955 [main] INFO  c.p.o.service.ExpiredCodesScheduler - Expired codes scheduler started
2026-05-01 12:38:54.956 [main] INFO  com.promo.otp.Main - Expired codes cleanup scheduler started
2026-05-01 12:38:56.028 [main] INFO  com.promo.otp.service.EmailService - Loaded email configuration
2026-05-01 12:38:56.107 [main] INFO  com.promo.otp.service.EmailService - Email service configured with host: mailhog:1025
2026-05-01 12:38:56.112 [main] INFO  com.promo.otp.service.SmsService - Loaded SMS configuration
2026-05-01 12:38:56.113 [main] INFO  com.promo.otp.service.SmsService - SMS notification service initialized with host: smpp-smsc-simulator-smscsimulator-1
2026-05-01 12:38:56.115 [main] INFO  c.promo.otp.service.TelegramService - Loaded Telegram configuration
2026-05-01 12:38:56.116 [main] INFO  c.promo.otp.service.TelegramService - Telegram notification service initialized
2026-05-01 12:38:56.119 [main] INFO  com.promo.otp.service.EmailService - Loaded email configuration
2026-05-01 12:38:56.130 [main] INFO  com.promo.otp.service.EmailService - Email service configured with host: mailhog:1025
2026-05-01 12:38:56.132 [main] INFO  com.promo.otp.service.SmsService - Loaded SMS configuration
2026-05-01 12:38:56.132 [main] INFO  com.promo.otp.service.SmsService - SMS notification service initialized with host: smpp-smsc-simulator-smscsimulator-1
2026-05-01 12:38:56.132 [main] INFO  c.promo.otp.service.TelegramService - Loaded Telegram configuration
2026-05-01 12:38:56.132 [main] INFO  c.promo.otp.service.TelegramService - Telegram notification service initialized
2026-05-01 12:38:56.230 [main] INFO  c.promo.otp.server.HttpServerManager - HTTP Server started on port 8080
2026-05-01 12:38:56.237 [main] INFO  com.promo.otp.Main - OTP Service started successfully on port 8080
2026-05-01 12:39:58.845 [pool-2-thread-1] INFO  com.promo.otp.service.AuthService - First user registered as ADMIN: smsfinal
2026-05-01 12:39:59.039 [pool-2-thread-1] INFO  com.promo.otp.dao.UserDAO - Saved user: smsfinal
2026-05-01 12:39:59.268 [pool-2-thread-1] INFO  com.promo.otp.service.AuthService - User registered successfully: smsfinal
2026-05-01 12:39:59.395 [pool-2-thread-1] INFO  c.p.otp.controller.AuthController - POST /api/auth/register - User registered: smsfinal
2026-05-01 12:39:59.606 [pool-2-thread-1] INFO  com.promo.otp.service.AuthService - User logged in successfully: smsfinal
2026-05-01 12:39:59.611 [pool-2-thread-1] INFO  c.p.otp.controller.AuthController - POST /api/auth/login - User logged in: smsfinal
2026-05-01 12:40:31.590 [pool-2-thread-2] INFO  com.promo.otp.dao.OtpCodeDAO - Saved OTP code for operation: sms_final_working, user: 1
2026-05-01 12:40:31.628 [pool-2-thread-2] INFO  org.jsmpp.session.SMPPSession - Connected from port 52902 to smpp-smsc-simulator-smscsimulator-1/172.18.0.2:2775
2026-05-01 12:40:31.634 [PDUReaderWorker-b0e9c5f9] INFO  org.jsmpp.session.SMPPSession - Starting PDUReaderWorker
2026-05-01 12:40:31.673 [pool-2-thread-2] INFO  com.promo.otp.service.SmsService - SMS sent successfully to: +79123456789, messageId: 650ac9b8dc8e4465f1e1f58c1b78b128acd9b388c038610915b70f997839f075
2026-05-01 12:40:31.678 [pool-2-thread-2] INFO  com.promo.otp.service.OtpService - Generated OTP for user 1, operation sms_final_working, channel sms
2026-05-01 12:40:31.679 [PDUReaderWorker-b0e9c5f9] INFO  org.jsmpp.session.SMPPSession - Reading PDU session b0e9c5f9 in state CLOSED: Socket closed
2026-05-01 12:40:31.687 [pool-2-thread-2] INFO  c.promo.otp.controller.OtpController - POST /api/otp/generate - User 1 generated OTP for operation sms_final_working
2026-05-01 12:45:54.964 [pool-1-thread-1] INFO  com.promo.otp.dao.OtpCodeDAO - Expired 1 OTP codes
2026-05-01 12:45:54.969 [pool-1-thread-1] DEBUG c.p.o.service.ExpiredCodesScheduler - Expired 1 OTP codes
2026-05-01 12:46:18.302 [pool-2-thread-3] INFO  com.promo.otp.dao.OtpCodeDAO - Saved OTP code for operation: sms_final_working, user: 1
2026-05-01 12:46:23.315 [pool-2-thread-3] ERROR com.promo.otp.service.SmsService - Failed to send SMS to +79123456789: smpp-smsc-simulator-smscsimulator-1
2026-05-01 12:46:23.317 [pool-2-thread-3] INFO  com.promo.otp.service.OtpService - Generated OTP for user 1, operation sms_final_working, channel sms
2026-05-01 12:46:23.319 [pool-2-thread-3] INFO  c.promo.otp.controller.OtpController - POST /api/otp/generate - User 1 generated OTP for operation sms_final_working
2026-05-01 12:47:52.849 [Thread-1] INFO  com.promo.otp.Main - Shutting down OTP Service...
2026-05-01 12:47:52.851 [Thread-1] INFO  c.promo.otp.server.HttpServerManager - HTTP Server stopped
2026-05-01 12:47:52.853 [Thread-1] INFO  c.p.o.service.ExpiredCodesScheduler - Expired codes scheduler stopped
2026-05-01 12:47:52.854 [Thread-1] INFO  com.zaxxer.hikari.HikariDataSource - OTP-HikariPool - Shutdown initiated...
2026-05-01 12:47:52.866 [Thread-1] INFO  com.zaxxer.hikari.HikariDataSource - OTP-HikariPool - Shutdown completed.
2026-05-01 12:47:52.868 [Thread-1] INFO  com.promo.otp.config.DatabaseConfig - Database connection pool closed
2026-05-01 12:47:52.868 [Thread-1] INFO  com.promo.otp.Main - OTP Service stopped
2026-05-01 13:03:34.493 [main] INFO  com.promo.otp.Main - Starting OTP Service...
2026-05-01 13:03:34.499 [main] INFO  com.promo.otp.config.DatabaseConfig - Connecting to database: jdbc:postgresql://postgres:5432/otp_service
2026-05-01 13:03:34.531 [main] INFO  com.zaxxer.hikari.HikariDataSource - OTP-HikariPool - Starting...
2026-05-01 13:03:35.167 [main] INFO  com.zaxxer.hikari.pool.HikariPool - OTP-HikariPool - Added connection org.postgresql.jdbc.PgConnection@6fd83fc1
2026-05-01 13:03:35.169 [main] INFO  com.zaxxer.hikari.HikariDataSource - OTP-HikariPool - Start completed.
2026-05-01 13:03:35.171 [main] INFO  com.promo.otp.config.DatabaseConfig - Database connection pool created successfully
2026-05-01 13:03:35.175 [main] INFO  com.promo.otp.config.DatabaseConfig - Database connection test successful
2026-05-01 13:03:35.197 [main] INFO  com.promo.otp.Main - Database connection pool initialized
2026-05-01 13:03:35.205 [main] INFO  c.p.o.service.ExpiredCodesScheduler - Expired codes scheduler started
2026-05-01 13:03:35.206 [main] INFO  com.promo.otp.Main - Expired codes cleanup scheduler started
2026-05-01 13:03:35.766 [main] INFO  com.promo.otp.service.EmailService - Loaded email configuration
2026-05-01 13:03:35.823 [main] INFO  com.promo.otp.service.EmailService - Email service configured with host: mailhog:1025
2026-05-01 13:03:35.826 [main] INFO  com.promo.otp.service.SmsService - Loaded SMS configuration
2026-05-01 13:03:35.827 [main] INFO  com.promo.otp.service.SmsService - SMS notification service initialized with host: 
2026-05-01 13:03:35.828 [main] INFO  c.promo.otp.service.TelegramService - Loaded Telegram configuration
2026-05-01 13:03:35.829 [main] INFO  c.promo.otp.service.TelegramService - Telegram notification service initialized
2026-05-01 13:03:35.832 [main] INFO  com.promo.otp.service.EmailService - Loaded email configuration
2026-05-01 13:03:35.845 [main] INFO  com.promo.otp.service.EmailService - Email service configured with host: mailhog:1025
2026-05-01 13:03:35.847 [main] INFO  com.promo.otp.service.SmsService - Loaded SMS configuration
2026-05-01 13:03:35.847 [main] INFO  com.promo.otp.service.SmsService - SMS notification service initialized with host: 
2026-05-01 13:03:35.847 [main] INFO  c.promo.otp.service.TelegramService - Loaded Telegram configuration
2026-05-01 13:03:35.847 [main] INFO  c.promo.otp.service.TelegramService - Telegram notification service initialized
2026-05-01 13:03:35.882 [main] INFO  c.promo.otp.server.HttpServerManager - HTTP Server started on port 8080
2026-05-01 13:03:35.883 [main] INFO  com.promo.otp.Main - OTP Service started successfully on port 8080
2026-05-01 13:03:48.980 [pool-2-thread-1] INFO  com.promo.otp.service.AuthService - First user registered as ADMIN: finaluser
2026-05-01 13:03:49.087 [pool-2-thread-1] INFO  com.promo.otp.dao.UserDAO - Saved user: finaluser
2026-05-01 13:03:49.229 [pool-2-thread-1] INFO  com.promo.otp.service.AuthService - User registered successfully: finaluser
2026-05-01 13:03:49.327 [pool-2-thread-1] INFO  c.p.otp.controller.AuthController - POST /api/auth/register - User registered: finaluser
2026-05-01 13:03:49.453 [pool-2-thread-1] INFO  com.promo.otp.service.AuthService - User logged in successfully: finaluser
2026-05-01 13:03:49.456 [pool-2-thread-1] INFO  c.p.otp.controller.AuthController - POST /api/auth/login - User logged in: finaluser
2026-05-01 13:09:41.928 [Thread-1] INFO  com.promo.otp.Main - Shutting down OTP Service...
2026-05-01 13:09:41.930 [Thread-1] INFO  c.promo.otp.server.HttpServerManager - HTTP Server stopped
2026-05-01 13:09:41.933 [Thread-1] INFO  c.p.o.service.ExpiredCodesScheduler - Expired codes scheduler stopped
2026-05-01 13:09:41.934 [Thread-1] INFO  com.zaxxer.hikari.HikariDataSource - OTP-HikariPool - Shutdown initiated...
2026-05-01 13:09:41.939 [Thread-1] INFO  com.zaxxer.hikari.HikariDataSource - OTP-HikariPool - Shutdown completed.
2026-05-01 13:09:41.940 [Thread-1] INFO  com.promo.otp.config.DatabaseConfig - Database connection pool closed
2026-05-01 13:09:41.941 [Thread-1] INFO  com.promo.otp.Main - OTP Service stopped
2026-05-01 13:10:25.291 [main] INFO  com.promo.otp.Main - Starting OTP Service...
2026-05-01 13:10:25.297 [main] INFO  com.promo.otp.config.DatabaseConfig - Connecting to database: jdbc:postgresql://postgres:5432/otp_service
2026-05-01 13:10:25.343 [main] INFO  com.zaxxer.hikari.HikariDataSource - OTP-HikariPool - Starting...
2026-05-01 13:10:26.060 [main] INFO  com.zaxxer.hikari.pool.HikariPool - OTP-HikariPool - Added connection org.postgresql.jdbc.PgConnection@6fd83fc1
2026-05-01 13:10:26.066 [main] INFO  com.zaxxer.hikari.HikariDataSource - OTP-HikariPool - Start completed.
2026-05-01 13:10:26.068 [main] INFO  com.promo.otp.config.DatabaseConfig - Database connection pool created successfully
2026-05-01 13:10:26.073 [main] INFO  com.promo.otp.config.DatabaseConfig - Database connection test successful
2026-05-01 13:10:26.101 [main] INFO  com.promo.otp.Main - Database connection pool initialized
2026-05-01 13:10:26.110 [main] INFO  c.p.o.service.ExpiredCodesScheduler - Expired codes scheduler started
2026-05-01 13:10:26.110 [main] INFO  com.promo.otp.Main - Expired codes cleanup scheduler started
2026-05-01 13:10:26.563 [main] INFO  com.promo.otp.service.EmailService - Loaded email configuration
2026-05-01 13:10:26.620 [main] INFO  com.promo.otp.service.EmailService - Email service configured with host: mailhog:1025
2026-05-01 13:10:26.623 [main] INFO  com.promo.otp.service.SmsService - Loaded SMS configuration
2026-05-01 13:10:26.624 [main] INFO  com.promo.otp.service.SmsService - SMS notification service initialized with host: 
2026-05-01 13:10:26.627 [main] INFO  c.promo.otp.service.TelegramService - Loaded Telegram configuration
2026-05-01 13:10:26.627 [main] INFO  c.promo.otp.service.TelegramService - Telegram notification service initialized
2026-05-01 13:10:26.630 [main] INFO  com.promo.otp.service.EmailService - Loaded email configuration
2026-05-01 13:10:26.652 [main] INFO  com.promo.otp.service.EmailService - Email service configured with host: mailhog:1025
2026-05-01 13:10:26.653 [main] INFO  com.promo.otp.service.SmsService - Loaded SMS configuration
2026-05-01 13:10:26.653 [main] INFO  com.promo.otp.service.SmsService - SMS notification service initialized with host: 
2026-05-01 13:10:26.653 [main] INFO  c.promo.otp.service.TelegramService - Loaded Telegram configuration
2026-05-01 13:10:26.653 [main] INFO  c.promo.otp.service.TelegramService - Telegram notification service initialized
2026-05-01 13:10:26.689 [main] INFO  c.promo.otp.server.HttpServerManager - HTTP Server started on port 8080
2026-05-01 13:10:26.691 [main] INFO  com.promo.otp.Main - OTP Service started successfully on port 8080
2026-05-01 13:10:39.474 [pool-2-thread-1] INFO  com.promo.otp.service.AuthService - First user registered as ADMIN: finaluser
2026-05-01 13:10:39.585 [pool-2-thread-1] INFO  com.promo.otp.dao.UserDAO - Saved user: finaluser
2026-05-01 13:10:39.752 [pool-2-thread-1] INFO  com.promo.otp.service.AuthService - User registered successfully: finaluser
2026-05-01 13:10:39.859 [pool-2-thread-1] INFO  c.p.otp.controller.AuthController - POST /api/auth/register - User registered: finaluser
2026-05-01 13:10:39.997 [pool-2-thread-1] INFO  com.promo.otp.service.AuthService - User logged in successfully: finaluser
2026-05-01 13:10:39.999 [pool-2-thread-1] INFO  c.p.otp.controller.AuthController - POST /api/auth/login - User logged in: finaluser
2026-05-01 13:11:38.446 [pool-2-thread-1] INFO  com.promo.otp.dao.OtpCodeDAO - Saved OTP code for operation: sms_final, user: 1
2026-05-01 13:11:38.484 [pool-2-thread-1] ERROR com.promo.otp.service.SmsService - Failed to send SMS to +79998887766: Connection refused
2026-05-01 13:11:38.486 [pool-2-thread-1] INFO  com.promo.otp.service.OtpService - Generated OTP for user 1, operation sms_final, channel sms
2026-05-01 13:11:38.488 [pool-2-thread-1] INFO  c.promo.otp.controller.OtpController - POST /api/otp/generate - User 1 generated OTP for operation sms_final
2026-05-01 13:15:18.099 [Thread-1] INFO  com.promo.otp.Main - Shutting down OTP Service...
2026-05-01 13:15:18.117 [Thread-1] INFO  c.promo.otp.server.HttpServerManager - HTTP Server stopped
2026-05-01 13:15:18.120 [Thread-1] INFO  c.p.o.service.ExpiredCodesScheduler - Expired codes scheduler stopped
2026-05-01 13:15:18.124 [Thread-1] INFO  com.zaxxer.hikari.HikariDataSource - OTP-HikariPool - Shutdown initiated...
2026-05-01 13:15:18.151 [Thread-1] INFO  com.zaxxer.hikari.HikariDataSource - OTP-HikariPool - Shutdown completed.
2026-05-01 13:15:18.152 [Thread-1] INFO  com.promo.otp.config.DatabaseConfig - Database connection pool closed
2026-05-01 13:15:18.152 [Thread-1] INFO  com.promo.otp.Main - OTP Service stopped
2026-05-01 13:15:22.125 [main] INFO  com.promo.otp.Main - Starting OTP Service...
2026-05-01 13:15:22.132 [main] INFO  com.promo.otp.config.DatabaseConfig - Connecting to database: jdbc:postgresql://postgres:5432/otp_service
2026-05-01 13:15:22.178 [main] INFO  com.zaxxer.hikari.HikariDataSource - OTP-HikariPool - Starting...
2026-05-01 13:15:22.949 [main] INFO  com.zaxxer.hikari.pool.HikariPool - OTP-HikariPool - Added connection org.postgresql.jdbc.PgConnection@6fd83fc1
2026-05-01 13:15:22.953 [main] INFO  com.zaxxer.hikari.HikariDataSource - OTP-HikariPool - Start completed.
2026-05-01 13:15:22.955 [main] INFO  com.promo.otp.config.DatabaseConfig - Database connection pool created successfully
2026-05-01 13:15:22.959 [main] INFO  com.promo.otp.config.DatabaseConfig - Database connection test successful
2026-05-01 13:15:22.981 [main] INFO  com.promo.otp.Main - Database connection pool initialized
2026-05-01 13:15:22.989 [main] INFO  c.p.o.service.ExpiredCodesScheduler - Expired codes scheduler started
2026-05-01 13:15:22.990 [main] INFO  com.promo.otp.Main - Expired codes cleanup scheduler started
2026-05-01 13:15:24.132 [main] INFO  com.promo.otp.service.EmailService - Loaded email configuration
2026-05-01 13:15:24.197 [main] INFO  com.promo.otp.service.EmailService - Email service configured with host: mailhog:1025
2026-05-01 13:15:24.199 [main] INFO  com.promo.otp.service.SmsService - Loaded SMS configuration
2026-05-01 13:15:24.199 [main] INFO  com.promo.otp.service.SmsService - SMS notification service initialized with host: smpp-smsc-simulator-smscsimulator-1
2026-05-01 13:15:24.200 [main] INFO  c.promo.otp.service.TelegramService - Loaded Telegram configuration
2026-05-01 13:15:24.201 [main] INFO  c.promo.otp.service.TelegramService - Telegram notification service initialized
2026-05-01 13:15:24.203 [main] INFO  com.promo.otp.service.EmailService - Loaded email configuration
2026-05-01 13:15:24.213 [main] INFO  com.promo.otp.service.EmailService - Email service configured with host: mailhog:1025
2026-05-01 13:15:24.214 [main] INFO  com.promo.otp.service.SmsService - Loaded SMS configuration
2026-05-01 13:15:24.214 [main] INFO  com.promo.otp.service.SmsService - SMS notification service initialized with host: smpp-smsc-simulator-smscsimulator-1
2026-05-01 13:15:24.215 [main] INFO  c.promo.otp.service.TelegramService - Loaded Telegram configuration
2026-05-01 13:15:24.215 [main] INFO  c.promo.otp.service.TelegramService - Telegram notification service initialized
2026-05-01 13:15:24.240 [main] INFO  c.promo.otp.server.HttpServerManager - HTTP Server started on port 8080
2026-05-01 13:15:24.242 [main] INFO  com.promo.otp.Main - OTP Service started successfully on port 8080
2026-05-01 13:15:36.247 [pool-2-thread-1] INFO  com.promo.otp.dao.OtpCodeDAO - Saved OTP code for operation: sms_no_ip, user: 1
2026-05-01 13:15:36.276 [pool-2-thread-1] INFO  org.jsmpp.session.SMPPSession - Connected from port 44080 to smpp-smsc-simulator-smscsimulator-1/172.20.0.2:2775
2026-05-01 13:15:36.279 [PDUReaderWorker-b264d6e6] INFO  org.jsmpp.session.SMPPSession - Starting PDUReaderWorker
2026-05-01 13:15:36.304 [pool-2-thread-1] INFO  com.promo.otp.service.SmsService - SMS sent successfully to: +79998887766, messageId: 650ac9b8dc8e4465f1e1f58c1b78b128acd9b388c038610915b70f997839f075
2026-05-01 13:15:36.308 [PDUReaderWorker-b264d6e6] INFO  org.jsmpp.session.SMPPSession - Reading PDU session b264d6e6 in state BOUND_TX: Socket closed
2026-05-01 13:15:36.309 [pool-2-thread-1] INFO  com.promo.otp.service.OtpService - Generated OTP for user 1, operation sms_no_ip, channel sms
2026-05-01 13:15:36.422 [pool-2-thread-1] INFO  c.promo.otp.controller.OtpController - POST /api/otp/generate - User 1 generated OTP for operation sms_no_ip
2026-05-01 13:17:23.000 [pool-1-thread-1] INFO  com.promo.otp.dao.OtpCodeDAO - Expired 1 OTP codes
2026-05-01 13:17:23.001 [pool-1-thread-1] DEBUG c.p.o.service.ExpiredCodesScheduler - Expired 1 OTP codes
2026-05-01 13:21:21.992 [Thread-1] INFO  com.promo.otp.Main - Shutting down OTP Service...
2026-05-01 13:21:21.999 [Thread-1] INFO  c.promo.otp.server.HttpServerManager - HTTP Server stopped
2026-05-01 13:21:22.002 [Thread-1] INFO  c.p.o.service.ExpiredCodesScheduler - Expired codes scheduler stopped
2026-05-01 13:21:22.004 [Thread-1] INFO  com.zaxxer.hikari.HikariDataSource - OTP-HikariPool - Shutdown initiated...
2026-05-01 13:21:22.019 [Thread-1] INFO  com.zaxxer.hikari.HikariDataSource - OTP-HikariPool - Shutdown completed.
2026-05-01 13:21:22.019 [Thread-1] INFO  com.promo.otp.config.DatabaseConfig - Database connection pool closed
2026-05-01 13:21:22.021 [Thread-1] INFO  com.promo.otp.Main - OTP Service stopped
2026-05-01 13:21:25.144 [main] INFO  com.promo.otp.Main - Starting OTP Service...
2026-05-01 13:21:25.151 [main] INFO  com.promo.otp.config.DatabaseConfig - Connecting to database: jdbc:postgresql://postgres:5432/otp_service
2026-05-01 13:21:25.206 [main] INFO  com.zaxxer.hikari.HikariDataSource - OTP-HikariPool - Starting...
2026-05-01 13:21:26.174 [main] INFO  com.zaxxer.hikari.pool.HikariPool - OTP-HikariPool - Added connection org.postgresql.jdbc.PgConnection@6fd83fc1
2026-05-01 13:21:26.180 [main] INFO  com.zaxxer.hikari.HikariDataSource - OTP-HikariPool - Start completed.
2026-05-01 13:21:26.181 [main] INFO  com.promo.otp.config.DatabaseConfig - Database connection pool created successfully
2026-05-01 13:21:26.190 [main] INFO  com.promo.otp.config.DatabaseConfig - Database connection test successful
2026-05-01 13:21:26.214 [main] INFO  com.promo.otp.Main - Database connection pool initialized
2026-05-01 13:21:26.222 [main] INFO  c.p.o.service.ExpiredCodesScheduler - Expired codes scheduler started
2026-05-01 13:21:26.223 [main] INFO  com.promo.otp.Main - Expired codes cleanup scheduler started
2026-05-01 13:21:26.272 [pool-1-thread-1] INFO  com.promo.otp.dao.OtpCodeDAO - Expired 1 OTP codes
2026-05-01 13:21:26.274 [pool-1-thread-1] DEBUG c.p.o.service.ExpiredCodesScheduler - Expired 1 OTP codes
2026-05-01 13:21:26.893 [main] INFO  com.promo.otp.service.EmailService - Loaded email configuration
2026-05-01 13:21:26.953 [main] INFO  com.promo.otp.service.EmailService - Email service configured with host: mailhog:1025
2026-05-01 13:21:26.958 [main] INFO  com.promo.otp.service.SmsService - Loaded SMS configuration
2026-05-01 13:21:26.960 [main] INFO  com.promo.otp.service.SmsService - SMS notification service initialized with host: smpp-smsc-simulator-smscsimulator-1
2026-05-01 13:21:26.962 [main] INFO  c.promo.otp.service.TelegramService - Loaded Telegram configuration
2026-05-01 13:21:26.964 [main] INFO  c.promo.otp.service.TelegramService - Telegram notification service initialized
2026-05-01 13:21:26.966 [main] INFO  com.promo.otp.service.EmailService - Loaded email configuration
2026-05-01 13:21:26.979 [main] INFO  com.promo.otp.service.EmailService - Email service configured with host: mailhog:1025
2026-05-01 13:21:26.979 [main] INFO  com.promo.otp.service.SmsService - Loaded SMS configuration
2026-05-01 13:21:26.979 [main] INFO  com.promo.otp.service.SmsService - SMS notification service initialized with host: smpp-smsc-simulator-smscsimulator-1
2026-05-01 13:21:26.980 [main] INFO  c.promo.otp.service.TelegramService - Loaded Telegram configuration
2026-05-01 13:21:26.981 [main] INFO  c.promo.otp.service.TelegramService - Telegram notification service initialized
2026-05-01 13:21:27.016 [main] INFO  c.promo.otp.server.HttpServerManager - HTTP Server started on port 8080
2026-05-01 13:21:27.019 [main] INFO  com.promo.otp.Main - OTP Service started successfully on port 8080
2026-05-01 13:21:39.075 [pool-2-thread-1] INFO  com.promo.otp.dao.OtpCodeDAO - Saved OTP code for operation: sms_no_ip, user: 1
2026-05-01 13:21:39.122 [pool-2-thread-1] INFO  org.jsmpp.session.SMPPSession - Connected from port 44220 to smpp-smsc-simulator-smscsimulator-1/172.20.0.2:2775
2026-05-01 13:21:39.127 [PDUReaderWorker-0c715fa4] INFO  org.jsmpp.session.SMPPSession - Starting PDUReaderWorker
2026-05-01 13:21:39.161 [pool-2-thread-1] INFO  com.promo.otp.service.SmsService - SMS sent successfully to: +79998887766, messageId: 650ac9b8dc8e4465f1e1f58c1b78b128acd9b388c038610915b70f997839f075
2026-05-01 13:21:39.167 [PDUReaderWorker-0c715fa4] INFO  org.jsmpp.session.SMPPSession - Reading PDU session 0c715fa4 in state CLOSED: Socket closed
2026-05-01 13:21:39.167 [pool-2-thread-1] INFO  com.promo.otp.service.OtpService - Generated OTP for user 1, operation sms_no_ip, channel sms
2026-05-01 13:21:39.325 [pool-2-thread-1] INFO  c.promo.otp.controller.OtpController - POST /api/otp/generate - User 1 generated OTP for operation sms_no_ip
2026-05-01 13:27:26.233 [pool-1-thread-1] INFO  com.promo.otp.dao.OtpCodeDAO - Expired 1 OTP codes
2026-05-01 13:27:26.235 [pool-1-thread-1] DEBUG c.p.o.service.ExpiredCodesScheduler - Expired 1 OTP codes
2026-05-01 13:54:06.837 [Thread-1] INFO  com.promo.otp.Main - Shutting down OTP Service...
2026-05-01 13:54:06.845 [Thread-1] INFO  c.promo.otp.server.HttpServerManager - HTTP Server stopped
2026-05-01 13:54:06.849 [Thread-1] INFO  c.p.o.service.ExpiredCodesScheduler - Expired codes scheduler stopped
2026-05-01 13:54:06.850 [Thread-1] INFO  com.zaxxer.hikari.HikariDataSource - OTP-HikariPool - Shutdown initiated...
2026-05-01 13:54:06.862 [Thread-1] INFO  com.zaxxer.hikari.HikariDataSource - OTP-HikariPool - Shutdown completed.
2026-05-01 13:54:06.864 [Thread-1] INFO  com.promo.otp.config.DatabaseConfig - Database connection pool closed
2026-05-01 13:54:06.864 [Thread-1] INFO  com.promo.otp.Main - OTP Service stopped
2026-05-01 14:52:19.852 [main] INFO  com.promo.otp.Main - Starting OTP Service...
2026-05-01 14:52:19.866 [main] INFO  com.promo.otp.config.DatabaseConfig - Connecting to database: jdbc:postgresql://postgres:5432/otp_service
2026-05-01 14:52:19.950 [main] INFO  com.zaxxer.hikari.HikariDataSource - OTP-HikariPool - Starting...
2026-05-01 14:52:21.065 [main] INFO  com.zaxxer.hikari.pool.HikariPool - OTP-HikariPool - Added connection org.postgresql.jdbc.PgConnection@6fd83fc1
2026-05-01 14:52:21.071 [main] INFO  com.zaxxer.hikari.HikariDataSource - OTP-HikariPool - Start completed.
2026-05-01 14:52:21.073 [main] INFO  com.promo.otp.config.DatabaseConfig - Database connection pool created successfully
2026-05-01 14:52:21.091 [main] INFO  com.promo.otp.config.DatabaseConfig - Database connection test successful
2026-05-01 14:52:21.129 [main] INFO  com.promo.otp.Main - Database connection pool initialized
2026-05-01 14:52:21.141 [main] INFO  c.p.o.service.ExpiredCodesScheduler - Expired codes scheduler started
2026-05-01 14:52:21.143 [main] INFO  com.promo.otp.Main - Expired codes cleanup scheduler started
2026-05-01 14:52:21.866 [main] INFO  com.promo.otp.service.EmailService - Loaded email configuration
2026-05-01 14:52:21.946 [main] INFO  com.promo.otp.service.EmailService - Email service configured with host: mailhog:1025
2026-05-01 14:52:21.954 [main] INFO  com.promo.otp.service.SmsService - Loaded SMS configuration
2026-05-01 14:52:21.954 [main] INFO  com.promo.otp.service.SmsService - SMS notification service initialized with host: smpp-smsc-simulator-smscsimulator-1
2026-05-01 14:52:21.960 [main] INFO  c.promo.otp.service.TelegramService - Loaded Telegram configuration
2026-05-01 14:52:21.962 [main] INFO  c.promo.otp.service.TelegramService - Telegram notification service initialized
2026-05-01 14:52:21.966 [main] INFO  com.promo.otp.service.EmailService - Loaded email configuration
2026-05-01 14:52:21.979 [main] INFO  com.promo.otp.service.EmailService - Email service configured with host: mailhog:1025
2026-05-01 14:52:21.980 [main] INFO  com.promo.otp.service.SmsService - Loaded SMS configuration
2026-05-01 14:52:21.984 [main] INFO  com.promo.otp.service.SmsService - SMS notification service initialized with host: smpp-smsc-simulator-smscsimulator-1
2026-05-01 14:52:21.985 [main] INFO  c.promo.otp.service.TelegramService - Loaded Telegram configuration
2026-05-01 14:52:21.986 [main] INFO  c.promo.otp.service.TelegramService - Telegram notification service initialized
2026-05-01 14:52:22.027 [main] INFO  c.promo.otp.server.HttpServerManager - HTTP Server started on port 8080
2026-05-01 14:52:22.032 [main] INFO  com.promo.otp.Main - OTP Service started successfully on port 8080
2026-05-01 14:53:04.013 [pool-2-thread-1] WARN  c.promo.otp.controller.OtpController - OTP generation failed: User not found
2026-05-01 14:53:04.055 [pool-2-thread-1] WARN  c.promo.otp.controller.OtpController - OTP generation failed: User not found
2026-05-01 14:55:04.512 [pool-2-thread-3] INFO  com.promo.otp.service.AuthService - First user registered as ADMIN: admin2
2026-05-01 14:55:04.623 [pool-2-thread-3] INFO  com.promo.otp.dao.UserDAO - Saved user: admin2
2026-05-01 14:55:04.653 [pool-2-thread-3] INFO  com.promo.otp.service.AuthService - User registered successfully: admin2
2026-05-01 14:55:04.683 [pool-2-thread-3] INFO  c.p.otp.controller.AuthController - POST /api/auth/register - User registered: admin2
2026-05-01 14:55:04.799 [pool-2-thread-3] INFO  com.promo.otp.service.AuthService - User logged in successfully: admin2
2026-05-01 14:55:04.811 [pool-2-thread-3] INFO  c.p.otp.controller.AuthController - POST /api/auth/login - User logged in: admin2
2026-05-01 14:55:04.849 [pool-2-thread-2] INFO  c.p.otp.controller.AdminController - GET /api/admin/config - Config retrieved
2026-05-01 14:55:04.918 [pool-2-thread-2] INFO  com.promo.otp.dao.OtpConfigDAO - Updated OTP configuration: ttl=900, length=8
2026-05-01 14:55:04.924 [pool-2-thread-2] INFO  c.p.otp.controller.AdminController - PUT /api/admin/config - Config updated by admin2
2026-05-01 14:55:05.035 [pool-2-thread-2] INFO  com.promo.otp.dao.UserDAO - Saved user: testuser2
2026-05-01 14:55:05.043 [pool-2-thread-2] INFO  com.promo.otp.service.AuthService - User registered successfully: testuser2
2026-05-01 14:55:05.045 [pool-2-thread-2] INFO  c.p.otp.controller.AuthController - POST /api/auth/register - User registered: testuser2
2026-05-01 14:55:05.182 [pool-2-thread-2] INFO  com.promo.otp.service.AuthService - User logged in successfully: testuser2
2026-05-01 14:55:05.184 [pool-2-thread-2] INFO  c.p.otp.controller.AuthController - POST /api/auth/login - User logged in: testuser2
2026-05-01 14:55:05.229 [pool-2-thread-2] INFO  com.promo.otp.dao.OtpCodeDAO - Saved OTP code for operation: test_file_1777647305, user: 2
2026-05-01 14:55:05.235 [pool-2-thread-2] INFO  com.promo.otp.service.FileService - OTP code saved to file: ./otp-files/otp_testuser2_1777647305230.txt
2026-05-01 14:55:05.236 [pool-2-thread-2] INFO  com.promo.otp.service.OtpService - Generated OTP for user 2, operation test_file_1777647305, channel file
2026-05-01 14:55:05.246 [pool-2-thread-2] INFO  c.promo.otp.controller.OtpController - POST /api/otp/generate - User 2 generated OTP for operation test_file_1777647305
2026-05-01 14:55:05.329 [pool-2-thread-2] INFO  com.promo.otp.dao.OtpCodeDAO - Saved OTP code for operation: test_sms_1777647305, user: 2
2026-05-01 14:55:05.412 [pool-2-thread-2] INFO  org.jsmpp.session.SMPPSession - Connected from port 54456 to smpp-smsc-simulator-smscsimulator-1/172.18.0.3:2775
2026-05-01 14:55:05.418 [PDUReaderWorker-a501206e] INFO  org.jsmpp.session.SMPPSession - Starting PDUReaderWorker
2026-05-01 14:55:05.452 [pool-2-thread-2] INFO  com.promo.otp.service.SmsService - SMS sent successfully to: +78888888888, messageId: 650ac9b8dc8e4465f1e1f58c1b78b128acd9b388c038610915b70f997839f075
2026-05-01 14:55:05.456 [PDUReaderWorker-a501206e] INFO  org.jsmpp.session.SMPPSession - Reading PDU session a501206e in state BOUND_TX: Socket closed
2026-05-01 14:55:05.459 [pool-2-thread-2] INFO  com.promo.otp.service.OtpService - Generated OTP for user 2, operation test_sms_1777647305, channel sms
2026-05-01 14:55:05.466 [pool-2-thread-2] INFO  c.promo.otp.controller.OtpController - POST /api/otp/generate - User 2 generated OTP for operation test_sms_1777647305
2026-05-01 14:55:05.521 [pool-2-thread-3] INFO  com.promo.otp.dao.OtpCodeDAO - Saved OTP code for operation: test_email_1777647305, user: 2
2026-05-01 14:55:05.698 [pool-2-thread-3] INFO  com.promo.otp.service.EmailService - Email sent successfully to: user2@test.com
2026-05-01 14:55:05.698 [pool-2-thread-3] INFO  com.promo.otp.service.OtpService - Generated OTP for user 2, operation test_email_1777647305, channel email
2026-05-01 14:55:05.700 [pool-2-thread-3] INFO  c.promo.otp.controller.OtpController - POST /api/otp/generate - User 2 generated OTP for operation test_email_1777647305
2026-05-01 14:55:05.736 [pool-2-thread-3] INFO  c.p.otp.controller.AdminController - GET /api/admin/users - Retrieved 1 users
2026-05-01 15:04:01.222 [pool-2-thread-4] INFO  com.promo.otp.dao.UserDAO - Saved user: admin_1777647840_5555
2026-05-01 15:04:01.227 [pool-2-thread-4] INFO  com.promo.otp.service.AuthService - User registered successfully: admin_1777647840_5555
2026-05-01 15:04:01.238 [pool-2-thread-4] INFO  c.p.otp.controller.AuthController - POST /api/auth/register - User registered: admin_1777647840_5555
2026-05-01 15:04:02.223 [pool-2-thread-4] INFO  com.promo.otp.service.AuthService - User logged in successfully: admin_1777647840_5555
2026-05-01 15:04:02.237 [pool-2-thread-4] INFO  c.p.otp.controller.AuthController - POST /api/auth/login - User logged in: admin_1777647840_5555
2026-05-01 15:04:02.625 [pool-2-thread-4] INFO  com.promo.otp.dao.UserDAO - Saved user: user_1777647840_5555
2026-05-01 15:04:02.628 [pool-2-thread-4] INFO  com.promo.otp.service.AuthService - User registered successfully: user_1777647840_5555
2026-05-01 15:04:02.631 [pool-2-thread-4] INFO  c.p.otp.controller.AuthController - POST /api/auth/register - User registered: user_1777647840_5555
2026-05-01 15:04:02.859 [pool-2-thread-5] INFO  com.promo.otp.service.AuthService - User logged in successfully: user_1777647840_5555
2026-05-01 15:04:02.862 [pool-2-thread-5] INFO  c.p.otp.controller.AuthController - POST /api/auth/login - User logged in: user_1777647840_5555
2026-05-01 15:04:02.952 [pool-2-thread-5] INFO  com.promo.otp.dao.OtpCodeDAO - Saved OTP code for operation: test_file_1777647840_5555, user: 4
2026-05-01 15:04:02.954 [pool-2-thread-5] INFO  com.promo.otp.service.FileService - OTP code saved to file: ./otp-files/otp_user_1777647840_5555_1777647842952.txt
2026-05-01 15:04:02.956 [pool-2-thread-5] INFO  com.promo.otp.service.OtpService - Generated OTP for user 4, operation test_file_1777647840_5555, channel file
2026-05-01 15:04:02.960 [pool-2-thread-5] INFO  c.promo.otp.controller.OtpController - POST /api/otp/generate - User 4 generated OTP for operation test_file_1777647840_5555
2026-05-01 15:04:03.074 [pool-2-thread-5] INFO  com.promo.otp.dao.OtpCodeDAO - Saved OTP code for operation: test_sms_1777647840_5555, user: 4
2026-05-01 15:04:03.082 [pool-2-thread-5] INFO  org.jsmpp.session.SMPPSession - Connected from port 41342 to smpp-smsc-simulator-smscsimulator-1/172.18.0.3:2775
2026-05-01 15:04:03.086 [PDUReaderWorker-209b5637] INFO  org.jsmpp.session.SMPPSession - Starting PDUReaderWorker
2026-05-01 15:04:03.093 [pool-2-thread-5] INFO  com.promo.otp.service.SmsService - SMS sent successfully to: +788847840_5555, messageId: 13d832e9e075354aa799cabd70f7f8d5b9675dd64648be7a77e26e5f8e1f7240
2026-05-01 15:04:03.102 [PDUReaderWorker-209b5637] INFO  org.jsmpp.session.SMPPSession - Reading PDU session 209b5637 in state CLOSED: Socket closed
2026-05-01 15:04:03.102 [pool-2-thread-5] INFO  com.promo.otp.service.OtpService - Generated OTP for user 4, operation test_sms_1777647840_5555, channel sms
2026-05-01 15:04:03.112 [pool-2-thread-5] INFO  c.promo.otp.controller.OtpController - POST /api/otp/generate - User 4 generated OTP for operation test_sms_1777647840_5555
2026-05-01 15:04:03.225 [pool-2-thread-5] INFO  com.promo.otp.dao.OtpCodeDAO - Saved OTP code for operation: test_email_1777647840_5555, user: 4
2026-05-01 15:04:03.279 [pool-2-thread-5] INFO  com.promo.otp.service.EmailService - Email sent successfully to: user_1777647840_5555@test.com
2026-05-01 15:04:03.290 [pool-2-thread-5] INFO  com.promo.otp.service.OtpService - Generated OTP for user 4, operation test_email_1777647840_5555, channel email
2026-05-01 15:04:03.307 [pool-2-thread-5] INFO  c.promo.otp.controller.OtpController - POST /api/otp/generate - User 4 generated OTP for operation test_email_1777647840_5555
2026-05-01 15:08:05.006 [pool-2-thread-6] INFO  com.promo.otp.dao.UserDAO - Saved user: admin_1777648084_6099
2026-05-01 15:08:05.011 [pool-2-thread-6] INFO  com.promo.otp.service.AuthService - User registered successfully: admin_1777648084_6099
2026-05-01 15:08:05.014 [pool-2-thread-6] INFO  c.p.otp.controller.AuthController - POST /api/auth/register - User registered: admin_1777648084_6099
2026-05-01 15:08:16.377 [pool-2-thread-7] INFO  com.promo.otp.service.AuthService - User logged in successfully: admin_1777648084_6099
2026-05-01 15:08:16.383 [pool-2-thread-7] INFO  c.p.otp.controller.AuthController - POST /api/auth/login - User logged in: admin_1777648084_6099
2026-05-01 15:08:16.549 [pool-2-thread-6] INFO  com.promo.otp.dao.UserDAO - Saved user: user_1777648084_6099
2026-05-01 15:08:16.552 [pool-2-thread-6] INFO  com.promo.otp.service.AuthService - User registered successfully: user_1777648084_6099
2026-05-01 15:08:16.556 [pool-2-thread-6] INFO  c.p.otp.controller.AuthController - POST /api/auth/register - User registered: user_1777648084_6099
2026-05-01 15:08:16.809 [pool-2-thread-6] INFO  com.promo.otp.service.AuthService - User logged in successfully: user_1777648084_6099
2026-05-01 15:08:16.816 [pool-2-thread-6] INFO  c.p.otp.controller.AuthController - POST /api/auth/login - User logged in: user_1777648084_6099
2026-05-01 15:08:16.927 [pool-2-thread-6] INFO  com.promo.otp.dao.OtpCodeDAO - Saved OTP code for operation: test_file_1777648084_6099, user: 6
2026-05-01 15:08:16.934 [pool-2-thread-6] INFO  com.promo.otp.service.FileService - OTP code saved to file: ./otp-files/otp_user_1777648084_6099_1777648096932.txt
2026-05-01 15:08:16.941 [pool-2-thread-6] INFO  com.promo.otp.service.OtpService - Generated OTP for user 6, operation test_file_1777648084_6099, channel file
2026-05-01 15:08:16.944 [pool-2-thread-6] INFO  c.promo.otp.controller.OtpController - POST /api/otp/generate - User 6 generated OTP for operation test_file_1777648084_6099
2026-05-01 15:08:17.091 [pool-2-thread-6] INFO  com.promo.otp.dao.OtpCodeDAO - Saved OTP code for operation: test_sms_1777648084_6099, user: 6
2026-05-01 15:08:17.104 [pool-2-thread-6] INFO  org.jsmpp.session.SMPPSession - Connected from port 46510 to smpp-smsc-simulator-smscsimulator-1/172.18.0.3:2775
2026-05-01 15:08:17.107 [PDUReaderWorker-29059b1b] INFO  org.jsmpp.session.SMPPSession - Starting PDUReaderWorker
2026-05-01 15:08:17.130 [pool-2-thread-6] INFO  com.promo.otp.service.SmsService - SMS sent successfully to: +78886099648084, messageId: 911ea57b2dd8e78073d0fa2928c621b5e4cfe55800558e76a8ab1ad4ac266025
2026-05-01 15:08:17.141 [PDUReaderWorker-29059b1b] INFO  org.jsmpp.session.SMPPSession - Reading PDU session 29059b1b in state BOUND_TX: Socket closed
2026-05-01 15:08:17.144 [pool-2-thread-6] INFO  com.promo.otp.service.OtpService - Generated OTP for user 6, operation test_sms_1777648084_6099, channel sms
2026-05-01 15:08:17.153 [pool-2-thread-6] INFO  c.promo.otp.controller.OtpController - POST /api/otp/generate - User 6 generated OTP for operation test_sms_1777648084_6099
2026-05-01 15:08:17.258 [pool-2-thread-6] INFO  com.promo.otp.dao.OtpCodeDAO - Saved OTP code for operation: test_email_1777648084_6099, user: 6
2026-05-01 15:08:17.361 [pool-2-thread-6] INFO  com.promo.otp.service.EmailService - Email sent successfully to: user_1777648084_6099@test.com
2026-05-01 15:08:17.367 [pool-2-thread-6] INFO  com.promo.otp.service.OtpService - Generated OTP for user 6, operation test_email_1777648084_6099, channel email
2026-05-01 15:08:17.374 [pool-2-thread-6] INFO  c.promo.otp.controller.OtpController - POST /api/otp/generate - User 6 generated OTP for operation test_email_1777648084_6099
2026-05-01 15:10:21.146 [pool-1-thread-1] INFO  com.promo.otp.dao.OtpCodeDAO - Expired 3 OTP codes
2026-05-01 15:10:21.147 [pool-1-thread-1] DEBUG c.p.o.service.ExpiredCodesScheduler - Expired 3 OTP codes
2026-05-01 15:16:08.103 [Thread-1] INFO  com.promo.otp.Main - Shutting down OTP Service...
2026-05-01 15:16:08.110 [Thread-1] INFO  c.promo.otp.server.HttpServerManager - HTTP Server stopped
2026-05-01 15:16:08.113 [Thread-1] INFO  c.p.o.service.ExpiredCodesScheduler - Expired codes scheduler stopped
2026-05-01 15:16:08.116 [Thread-1] INFO  com.zaxxer.hikari.HikariDataSource - OTP-HikariPool - Shutdown initiated...
2026-05-01 15:16:08.139 [Thread-1] INFO  com.zaxxer.hikari.HikariDataSource - OTP-HikariPool - Shutdown completed.
2026-05-01 15:16:08.144 [Thread-1] INFO  com.promo.otp.config.DatabaseConfig - Database connection pool closed
2026-05-01 15:16:08.145 [Thread-1] INFO  com.promo.otp.Main - OTP Service stopped
2026-05-01 15:37:19.991 [main] INFO  com.promo.otp.Main - Starting OTP Service...
2026-05-01 15:37:20.017 [main] INFO  com.promo.otp.config.DatabaseConfig - Connecting to database: jdbc:postgresql://postgres:5432/otp_service
2026-05-01 15:37:20.066 [main] INFO  com.zaxxer.hikari.HikariDataSource - OTP-HikariPool - Starting...
2026-05-01 15:37:26.347 [main] ERROR com.promo.otp.config.DatabaseConfig - Failed to load database configuration
com.zaxxer.hikari.pool.HikariPool$PoolInitializationException: Failed to initialize pool: The connection attempt failed.
	at com.zaxxer.hikari.pool.HikariPool.throwPoolInitializationException(HikariPool.java:584)
	at com.zaxxer.hikari.pool.HikariPool.checkFailFast(HikariPool.java:571)
	at com.zaxxer.hikari.pool.HikariPool.<init>(HikariPool.java:98)
	at com.zaxxer.hikari.HikariDataSource.<init>(HikariDataSource.java:80)
	at com.promo.otp.config.DatabaseConfig.initialize(DatabaseConfig.java:43)
	at com.promo.otp.Main.main(Main.java:16)
Caused by: org.postgresql.util.PSQLException: The connection attempt failed.
	at org.postgresql.core.v3.ConnectionFactoryImpl.openConnectionImpl(ConnectionFactoryImpl.java:358)
	at org.postgresql.core.ConnectionFactory.openConnection(ConnectionFactory.java:54)
	at org.postgresql.jdbc.PgConnection.<init>(PgConnection.java:273)
	at org.postgresql.Driver.makeConnection(Driver.java:446)
	at org.postgresql.Driver.connect(Driver.java:298)
	at com.zaxxer.hikari.util.DriverDataSource.getConnection(DriverDataSource.java:137)
	at com.zaxxer.hikari.pool.PoolBase.newConnection(PoolBase.java:360)
	at com.zaxxer.hikari.pool.PoolBase.newPoolEntry(PoolBase.java:202)
	at com.zaxxer.hikari.pool.HikariPool.createPoolEntry(HikariPool.java:461)
	at com.zaxxer.hikari.pool.HikariPool.checkFailFast(HikariPool.java:550)
	... 4 common frames omitted
Caused by: java.net.UnknownHostException: postgres
	at java.base/sun.nio.ch.NioSocketImpl.connect(Unknown Source)
	at java.base/java.net.SocksSocketImpl.connect(Unknown Source)
	at java.base/java.net.Socket.connect(Unknown Source)
	at org.postgresql.core.PGStream.createSocket(PGStream.java:243)
	at org.postgresql.core.PGStream.<init>(PGStream.java:98)
	at org.postgresql.core.v3.ConnectionFactoryImpl.tryConnect(ConnectionFactoryImpl.java:136)
	at org.postgresql.core.v3.ConnectionFactoryImpl.openConnectionImpl(ConnectionFactoryImpl.java:262)
	... 13 common frames omitted
2026-05-01 15:37:26.359 [main] ERROR com.promo.otp.Main - Failed to start OTP Service
java.lang.RuntimeException: Database initialization failed
	at com.promo.otp.config.DatabaseConfig.initialize(DatabaseConfig.java:53)
	at com.promo.otp.Main.main(Main.java:16)
Caused by: com.zaxxer.hikari.pool.HikariPool$PoolInitializationException: Failed to initialize pool: The connection attempt failed.
	at com.zaxxer.hikari.pool.HikariPool.throwPoolInitializationException(HikariPool.java:584)
	at com.zaxxer.hikari.pool.HikariPool.checkFailFast(HikariPool.java:571)
	at com.zaxxer.hikari.pool.HikariPool.<init>(HikariPool.java:98)
	at com.zaxxer.hikari.HikariDataSource.<init>(HikariDataSource.java:80)
	at com.promo.otp.config.DatabaseConfig.initialize(DatabaseConfig.java:43)
	... 1 common frames omitted
Caused by: org.postgresql.util.PSQLException: The connection attempt failed.
	at org.postgresql.core.v3.ConnectionFactoryImpl.openConnectionImpl(ConnectionFactoryImpl.java:358)
	at org.postgresql.core.ConnectionFactory.openConnection(ConnectionFactory.java:54)
	at org.postgresql.jdbc.PgConnection.<init>(PgConnection.java:273)
	at org.postgresql.Driver.makeConnection(Driver.java:446)
	at org.postgresql.Driver.connect(Driver.java:298)
	at com.zaxxer.hikari.util.DriverDataSource.getConnection(DriverDataSource.java:137)
	at com.zaxxer.hikari.pool.PoolBase.newConnection(PoolBase.java:360)
	at com.zaxxer.hikari.pool.PoolBase.newPoolEntry(PoolBase.java:202)
	at com.zaxxer.hikari.pool.HikariPool.createPoolEntry(HikariPool.java:461)
	at com.zaxxer.hikari.pool.HikariPool.checkFailFast(HikariPool.java:550)
	... 4 common frames omitted
Caused by: java.net.UnknownHostException: postgres
	at java.base/sun.nio.ch.NioSocketImpl.connect(Unknown Source)
	at java.base/java.net.SocksSocketImpl.connect(Unknown Source)
	at java.base/java.net.Socket.connect(Unknown Source)
	at org.postgresql.core.PGStream.createSocket(PGStream.java:243)
	at org.postgresql.core.PGStream.<init>(PGStream.java:98)
	at org.postgresql.core.v3.ConnectionFactoryImpl.tryConnect(ConnectionFactoryImpl.java:136)
	at org.postgresql.core.v3.ConnectionFactoryImpl.openConnectionImpl(ConnectionFactoryImpl.java:262)
	... 13 common frames omitted
2026-05-01 15:37:29.391 [main] INFO  com.promo.otp.Main - Starting OTP Service...
2026-05-01 15:37:29.398 [main] INFO  com.promo.otp.config.DatabaseConfig - Connecting to database: jdbc:postgresql://postgres:5432/otp_service
2026-05-01 15:37:29.451 [main] INFO  com.zaxxer.hikari.HikariDataSource - OTP-HikariPool - Starting...
2026-05-01 15:37:35.666 [main] ERROR com.promo.otp.config.DatabaseConfig - Failed to load database configuration
com.zaxxer.hikari.pool.HikariPool$PoolInitializationException: Failed to initialize pool: The connection attempt failed.
	at com.zaxxer.hikari.pool.HikariPool.throwPoolInitializationException(HikariPool.java:584)
	at com.zaxxer.hikari.pool.HikariPool.checkFailFast(HikariPool.java:571)
	at com.zaxxer.hikari.pool.HikariPool.<init>(HikariPool.java:98)
	at com.zaxxer.hikari.HikariDataSource.<init>(HikariDataSource.java:80)
	at com.promo.otp.config.DatabaseConfig.initialize(DatabaseConfig.java:43)
	at com.promo.otp.Main.main(Main.java:16)
Caused by: org.postgresql.util.PSQLException: The connection attempt failed.
	at org.postgresql.core.v3.ConnectionFactoryImpl.openConnectionImpl(ConnectionFactoryImpl.java:358)
	at org.postgresql.core.ConnectionFactory.openConnection(ConnectionFactory.java:54)
	at org.postgresql.jdbc.PgConnection.<init>(PgConnection.java:273)
	at org.postgresql.Driver.makeConnection(Driver.java:446)
	at org.postgresql.Driver.connect(Driver.java:298)
	at com.zaxxer.hikari.util.DriverDataSource.getConnection(DriverDataSource.java:137)
	at com.zaxxer.hikari.pool.PoolBase.newConnection(PoolBase.java:360)
	at com.zaxxer.hikari.pool.PoolBase.newPoolEntry(PoolBase.java:202)
	at com.zaxxer.hikari.pool.HikariPool.createPoolEntry(HikariPool.java:461)
	at com.zaxxer.hikari.pool.HikariPool.checkFailFast(HikariPool.java:550)
	... 4 common frames omitted
Caused by: java.net.UnknownHostException: postgres
	at java.base/sun.nio.ch.NioSocketImpl.connect(Unknown Source)
	at java.base/java.net.SocksSocketImpl.connect(Unknown Source)
	at java.base/java.net.Socket.connect(Unknown Source)
	at org.postgresql.core.PGStream.createSocket(PGStream.java:243)
	at org.postgresql.core.PGStream.<init>(PGStream.java:98)
	at org.postgresql.core.v3.ConnectionFactoryImpl.tryConnect(ConnectionFactoryImpl.java:136)
	at org.postgresql.core.v3.ConnectionFactoryImpl.openConnectionImpl(ConnectionFactoryImpl.java:262)
	... 13 common frames omitted
2026-05-01 15:37:35.670 [main] ERROR com.promo.otp.Main - Failed to start OTP Service
java.lang.RuntimeException: Database initialization failed
	at com.promo.otp.config.DatabaseConfig.initialize(DatabaseConfig.java:53)
	at com.promo.otp.Main.main(Main.java:16)
Caused by: com.zaxxer.hikari.pool.HikariPool$PoolInitializationException: Failed to initialize pool: The connection attempt failed.
	at com.zaxxer.hikari.pool.HikariPool.throwPoolInitializationException(HikariPool.java:584)
	at com.zaxxer.hikari.pool.HikariPool.checkFailFast(HikariPool.java:571)
	at com.zaxxer.hikari.pool.HikariPool.<init>(HikariPool.java:98)
	at com.zaxxer.hikari.HikariDataSource.<init>(HikariDataSource.java:80)
	at com.promo.otp.config.DatabaseConfig.initialize(DatabaseConfig.java:43)
	... 1 common frames omitted
Caused by: org.postgresql.util.PSQLException: The connection attempt failed.
	at org.postgresql.core.v3.ConnectionFactoryImpl.openConnectionImpl(ConnectionFactoryImpl.java:358)
	at org.postgresql.core.ConnectionFactory.openConnection(ConnectionFactory.java:54)
	at org.postgresql.jdbc.PgConnection.<init>(PgConnection.java:273)
	at org.postgresql.Driver.makeConnection(Driver.java:446)
	at org.postgresql.Driver.connect(Driver.java:298)
	at com.zaxxer.hikari.util.DriverDataSource.getConnection(DriverDataSource.java:137)
	at com.zaxxer.hikari.pool.PoolBase.newConnection(PoolBase.java:360)
	at com.zaxxer.hikari.pool.PoolBase.newPoolEntry(PoolBase.java:202)
	at com.zaxxer.hikari.pool.HikariPool.createPoolEntry(HikariPool.java:461)
	at com.zaxxer.hikari.pool.HikariPool.checkFailFast(HikariPool.java:550)
	... 4 common frames omitted
Caused by: java.net.UnknownHostException: postgres
	at java.base/sun.nio.ch.NioSocketImpl.connect(Unknown Source)
	at java.base/java.net.SocksSocketImpl.connect(Unknown Source)
	at java.base/java.net.Socket.connect(Unknown Source)
	at org.postgresql.core.PGStream.createSocket(PGStream.java:243)
	at org.postgresql.core.PGStream.<init>(PGStream.java:98)
	at org.postgresql.core.v3.ConnectionFactoryImpl.tryConnect(ConnectionFactoryImpl.java:136)
	at org.postgresql.core.v3.ConnectionFactoryImpl.openConnectionImpl(ConnectionFactoryImpl.java:262)
	... 13 common frames omitted
2026-05-01 15:37:40.022 [main] INFO  com.promo.otp.Main - Starting OTP Service...
2026-05-01 15:37:40.033 [main] INFO  com.promo.otp.config.DatabaseConfig - Connecting to database: jdbc:postgresql://postgres:5432/otp_service
2026-05-01 15:37:40.114 [main] INFO  com.zaxxer.hikari.HikariDataSource - OTP-HikariPool - Starting...
2026-05-01 15:37:46.397 [main] ERROR com.promo.otp.config.DatabaseConfig - Failed to load database configuration
com.zaxxer.hikari.pool.HikariPool$PoolInitializationException: Failed to initialize pool: The connection attempt failed.
	at com.zaxxer.hikari.pool.HikariPool.throwPoolInitializationException(HikariPool.java:584)
	at com.zaxxer.hikari.pool.HikariPool.checkFailFast(HikariPool.java:571)
	at com.zaxxer.hikari.pool.HikariPool.<init>(HikariPool.java:98)
	at com.zaxxer.hikari.HikariDataSource.<init>(HikariDataSource.java:80)
	at com.promo.otp.config.DatabaseConfig.initialize(DatabaseConfig.java:43)
	at com.promo.otp.Main.main(Main.java:16)
Caused by: org.postgresql.util.PSQLException: The connection attempt failed.
	at org.postgresql.core.v3.ConnectionFactoryImpl.openConnectionImpl(ConnectionFactoryImpl.java:358)
	at org.postgresql.core.ConnectionFactory.openConnection(ConnectionFactory.java:54)
	at org.postgresql.jdbc.PgConnection.<init>(PgConnection.java:273)
	at org.postgresql.Driver.makeConnection(Driver.java:446)
	at org.postgresql.Driver.connect(Driver.java:298)
	at com.zaxxer.hikari.util.DriverDataSource.getConnection(DriverDataSource.java:137)
	at com.zaxxer.hikari.pool.PoolBase.newConnection(PoolBase.java:360)
	at com.zaxxer.hikari.pool.PoolBase.newPoolEntry(PoolBase.java:202)
	at com.zaxxer.hikari.pool.HikariPool.createPoolEntry(HikariPool.java:461)
	at com.zaxxer.hikari.pool.HikariPool.checkFailFast(HikariPool.java:550)
	... 4 common frames omitted
Caused by: java.net.UnknownHostException: postgres
	at java.base/sun.nio.ch.NioSocketImpl.connect(Unknown Source)
	at java.base/java.net.SocksSocketImpl.connect(Unknown Source)
	at java.base/java.net.Socket.connect(Unknown Source)
	at org.postgresql.core.PGStream.createSocket(PGStream.java:243)
	at org.postgresql.core.PGStream.<init>(PGStream.java:98)
	at org.postgresql.core.v3.ConnectionFactoryImpl.tryConnect(ConnectionFactoryImpl.java:136)
	at org.postgresql.core.v3.ConnectionFactoryImpl.openConnectionImpl(ConnectionFactoryImpl.java:262)
	... 13 common frames omitted
2026-05-01 15:37:46.415 [main] ERROR com.promo.otp.Main - Failed to start OTP Service
java.lang.RuntimeException: Database initialization failed
	at com.promo.otp.config.DatabaseConfig.initialize(DatabaseConfig.java:53)
	at com.promo.otp.Main.main(Main.java:16)
Caused by: com.zaxxer.hikari.pool.HikariPool$PoolInitializationException: Failed to initialize pool: The connection attempt failed.
	at com.zaxxer.hikari.pool.HikariPool.throwPoolInitializationException(HikariPool.java:584)
	at com.zaxxer.hikari.pool.HikariPool.checkFailFast(HikariPool.java:571)
	at com.zaxxer.hikari.pool.HikariPool.<init>(HikariPool.java:98)
	at com.zaxxer.hikari.HikariDataSource.<init>(HikariDataSource.java:80)
	at com.promo.otp.config.DatabaseConfig.initialize(DatabaseConfig.java:43)
	... 1 common frames omitted
Caused by: org.postgresql.util.PSQLException: The connection attempt failed.
	at org.postgresql.core.v3.ConnectionFactoryImpl.openConnectionImpl(ConnectionFactoryImpl.java:358)
	at org.postgresql.core.ConnectionFactory.openConnection(ConnectionFactory.java:54)
	at org.postgresql.jdbc.PgConnection.<init>(PgConnection.java:273)
	at org.postgresql.Driver.makeConnection(Driver.java:446)
	at org.postgresql.Driver.connect(Driver.java:298)
	at com.zaxxer.hikari.util.DriverDataSource.getConnection(DriverDataSource.java:137)
	at com.zaxxer.hikari.pool.PoolBase.newConnection(PoolBase.java:360)
	at com.zaxxer.hikari.pool.PoolBase.newPoolEntry(PoolBase.java:202)
	at com.zaxxer.hikari.pool.HikariPool.createPoolEntry(HikariPool.java:461)
	at com.zaxxer.hikari.pool.HikariPool.checkFailFast(HikariPool.java:550)
	... 4 common frames omitted
Caused by: java.net.UnknownHostException: postgres
	at java.base/sun.nio.ch.NioSocketImpl.connect(Unknown Source)
	at java.base/java.net.SocksSocketImpl.connect(Unknown Source)
	at java.base/java.net.Socket.connect(Unknown Source)
	at org.postgresql.core.PGStream.createSocket(PGStream.java:243)
	at org.postgresql.core.PGStream.<init>(PGStream.java:98)
	at org.postgresql.core.v3.ConnectionFactoryImpl.tryConnect(ConnectionFactoryImpl.java:136)
	at org.postgresql.core.v3.ConnectionFactoryImpl.openConnectionImpl(ConnectionFactoryImpl.java:262)
	... 13 common frames omitted
2026-05-01 15:37:49.510 [main] INFO  com.promo.otp.Main - Starting OTP Service...
2026-05-01 15:37:49.518 [main] INFO  com.promo.otp.config.DatabaseConfig - Connecting to database: jdbc:postgresql://postgres:5432/otp_service
2026-05-01 15:37:49.610 [main] INFO  com.zaxxer.hikari.HikariDataSource - OTP-HikariPool - Starting...
2026-05-01 15:37:55.951 [main] ERROR com.promo.otp.config.DatabaseConfig - Failed to load database configuration
com.zaxxer.hikari.pool.HikariPool$PoolInitializationException: Failed to initialize pool: The connection attempt failed.
	at com.zaxxer.hikari.pool.HikariPool.throwPoolInitializationException(HikariPool.java:584)
	at com.zaxxer.hikari.pool.HikariPool.checkFailFast(HikariPool.java:571)
	at com.zaxxer.hikari.pool.HikariPool.<init>(HikariPool.java:98)
	at com.zaxxer.hikari.HikariDataSource.<init>(HikariDataSource.java:80)
	at com.promo.otp.config.DatabaseConfig.initialize(DatabaseConfig.java:43)
	at com.promo.otp.Main.main(Main.java:16)
Caused by: org.postgresql.util.PSQLException: The connection attempt failed.
	at org.postgresql.core.v3.ConnectionFactoryImpl.openConnectionImpl(ConnectionFactoryImpl.java:358)
	at org.postgresql.core.ConnectionFactory.openConnection(ConnectionFactory.java:54)
	at org.postgresql.jdbc.PgConnection.<init>(PgConnection.java:273)
	at org.postgresql.Driver.makeConnection(Driver.java:446)
	at org.postgresql.Driver.connect(Driver.java:298)
	at com.zaxxer.hikari.util.DriverDataSource.getConnection(DriverDataSource.java:137)
	at com.zaxxer.hikari.pool.PoolBase.newConnection(PoolBase.java:360)
	at com.zaxxer.hikari.pool.PoolBase.newPoolEntry(PoolBase.java:202)
	at com.zaxxer.hikari.pool.HikariPool.createPoolEntry(HikariPool.java:461)
	at com.zaxxer.hikari.pool.HikariPool.checkFailFast(HikariPool.java:550)
	... 4 common frames omitted
Caused by: java.net.UnknownHostException: postgres
	at java.base/sun.nio.ch.NioSocketImpl.connect(Unknown Source)
	at java.base/java.net.SocksSocketImpl.connect(Unknown Source)
	at java.base/java.net.Socket.connect(Unknown Source)
	at org.postgresql.core.PGStream.createSocket(PGStream.java:243)
	at org.postgresql.core.PGStream.<init>(PGStream.java:98)
	at org.postgresql.core.v3.ConnectionFactoryImpl.tryConnect(ConnectionFactoryImpl.java:136)
	at org.postgresql.core.v3.ConnectionFactoryImpl.openConnectionImpl(ConnectionFactoryImpl.java:262)
	... 13 common frames omitted
2026-05-01 15:37:55.959 [main] ERROR com.promo.otp.Main - Failed to start OTP Service
java.lang.RuntimeException: Database initialization failed
	at com.promo.otp.config.DatabaseConfig.initialize(DatabaseConfig.java:53)
	at com.promo.otp.Main.main(Main.java:16)
Caused by: com.zaxxer.hikari.pool.HikariPool$PoolInitializationException: Failed to initialize pool: The connection attempt failed.
	at com.zaxxer.hikari.pool.HikariPool.throwPoolInitializationException(HikariPool.java:584)
	at com.zaxxer.hikari.pool.HikariPool.checkFailFast(HikariPool.java:571)
	at com.zaxxer.hikari.pool.HikariPool.<init>(HikariPool.java:98)
	at com.zaxxer.hikari.HikariDataSource.<init>(HikariDataSource.java:80)
	at com.promo.otp.config.DatabaseConfig.initialize(DatabaseConfig.java:43)
	... 1 common frames omitted
Caused by: org.postgresql.util.PSQLException: The connection attempt failed.
	at org.postgresql.core.v3.ConnectionFactoryImpl.openConnectionImpl(ConnectionFactoryImpl.java:358)
	at org.postgresql.core.ConnectionFactory.openConnection(ConnectionFactory.java:54)
	at org.postgresql.jdbc.PgConnection.<init>(PgConnection.java:273)
	at org.postgresql.Driver.makeConnection(Driver.java:446)
	at org.postgresql.Driver.connect(Driver.java:298)
	at com.zaxxer.hikari.util.DriverDataSource.getConnection(DriverDataSource.java:137)
	at com.zaxxer.hikari.pool.PoolBase.newConnection(PoolBase.java:360)
	at com.zaxxer.hikari.pool.PoolBase.newPoolEntry(PoolBase.java:202)
	at com.zaxxer.hikari.pool.HikariPool.createPoolEntry(HikariPool.java:461)
	at com.zaxxer.hikari.pool.HikariPool.checkFailFast(HikariPool.java:550)
	... 4 common frames omitted
Caused by: java.net.UnknownHostException: postgres
	at java.base/sun.nio.ch.NioSocketImpl.connect(Unknown Source)
	at java.base/java.net.SocksSocketImpl.connect(Unknown Source)
	at java.base/java.net.Socket.connect(Unknown Source)
	at org.postgresql.core.PGStream.createSocket(PGStream.java:243)
	at org.postgresql.core.PGStream.<init>(PGStream.java:98)
	at org.postgresql.core.v3.ConnectionFactoryImpl.tryConnect(ConnectionFactoryImpl.java:136)
	at org.postgresql.core.v3.ConnectionFactoryImpl.openConnectionImpl(ConnectionFactoryImpl.java:262)
	... 13 common frames omitted
2026-05-01 15:37:58.762 [main] INFO  com.promo.otp.Main - Starting OTP Service...
2026-05-01 15:37:58.768 [main] INFO  com.promo.otp.config.DatabaseConfig - Connecting to database: jdbc:postgresql://postgres:5432/otp_service
2026-05-01 15:37:58.823 [main] INFO  com.zaxxer.hikari.HikariDataSource - OTP-HikariPool - Starting...
2026-05-01 15:38:05.039 [main] ERROR com.promo.otp.config.DatabaseConfig - Failed to load database configuration
com.zaxxer.hikari.pool.HikariPool$PoolInitializationException: Failed to initialize pool: The connection attempt failed.
	at com.zaxxer.hikari.pool.HikariPool.throwPoolInitializationException(HikariPool.java:584)
	at com.zaxxer.hikari.pool.HikariPool.checkFailFast(HikariPool.java:571)
	at com.zaxxer.hikari.pool.HikariPool.<init>(HikariPool.java:98)
	at com.zaxxer.hikari.HikariDataSource.<init>(HikariDataSource.java:80)
	at com.promo.otp.config.DatabaseConfig.initialize(DatabaseConfig.java:43)
	at com.promo.otp.Main.main(Main.java:16)
Caused by: org.postgresql.util.PSQLException: The connection attempt failed.
	at org.postgresql.core.v3.ConnectionFactoryImpl.openConnectionImpl(ConnectionFactoryImpl.java:358)
	at org.postgresql.core.ConnectionFactory.openConnection(ConnectionFactory.java:54)
	at org.postgresql.jdbc.PgConnection.<init>(PgConnection.java:273)
	at org.postgresql.Driver.makeConnection(Driver.java:446)
	at org.postgresql.Driver.connect(Driver.java:298)
	at com.zaxxer.hikari.util.DriverDataSource.getConnection(DriverDataSource.java:137)
	at com.zaxxer.hikari.pool.PoolBase.newConnection(PoolBase.java:360)
	at com.zaxxer.hikari.pool.PoolBase.newPoolEntry(PoolBase.java:202)
	at com.zaxxer.hikari.pool.HikariPool.createPoolEntry(HikariPool.java:461)
	at com.zaxxer.hikari.pool.HikariPool.checkFailFast(HikariPool.java:550)
	... 4 common frames omitted
Caused by: java.net.UnknownHostException: postgres
	at java.base/sun.nio.ch.NioSocketImpl.connect(Unknown Source)
	at java.base/java.net.SocksSocketImpl.connect(Unknown Source)
	at java.base/java.net.Socket.connect(Unknown Source)
	at org.postgresql.core.PGStream.createSocket(PGStream.java:243)
	at org.postgresql.core.PGStream.<init>(PGStream.java:98)
	at org.postgresql.core.v3.ConnectionFactoryImpl.tryConnect(ConnectionFactoryImpl.java:136)
	at org.postgresql.core.v3.ConnectionFactoryImpl.openConnectionImpl(ConnectionFactoryImpl.java:262)
	... 13 common frames omitted
2026-05-01 15:38:05.044 [main] ERROR com.promo.otp.Main - Failed to start OTP Service
java.lang.RuntimeException: Database initialization failed
	at com.promo.otp.config.DatabaseConfig.initialize(DatabaseConfig.java:53)
	at com.promo.otp.Main.main(Main.java:16)
Caused by: com.zaxxer.hikari.pool.HikariPool$PoolInitializationException: Failed to initialize pool: The connection attempt failed.
	at com.zaxxer.hikari.pool.HikariPool.throwPoolInitializationException(HikariPool.java:584)
	at com.zaxxer.hikari.pool.HikariPool.checkFailFast(HikariPool.java:571)
	at com.zaxxer.hikari.pool.HikariPool.<init>(HikariPool.java:98)
	at com.zaxxer.hikari.HikariDataSource.<init>(HikariDataSource.java:80)
	at com.promo.otp.config.DatabaseConfig.initialize(DatabaseConfig.java:43)
	... 1 common frames omitted
Caused by: org.postgresql.util.PSQLException: The connection attempt failed.
	at org.postgresql.core.v3.ConnectionFactoryImpl.openConnectionImpl(ConnectionFactoryImpl.java:358)
	at org.postgresql.core.ConnectionFactory.openConnection(ConnectionFactory.java:54)
	at org.postgresql.jdbc.PgConnection.<init>(PgConnection.java:273)
	at org.postgresql.Driver.makeConnection(Driver.java:446)
	at org.postgresql.Driver.connect(Driver.java:298)
	at com.zaxxer.hikari.util.DriverDataSource.getConnection(DriverDataSource.java:137)
	at com.zaxxer.hikari.pool.PoolBase.newConnection(PoolBase.java:360)
	at com.zaxxer.hikari.pool.PoolBase.newPoolEntry(PoolBase.java:202)
	at com.zaxxer.hikari.pool.HikariPool.createPoolEntry(HikariPool.java:461)
	at com.zaxxer.hikari.pool.HikariPool.checkFailFast(HikariPool.java:550)
	... 4 common frames omitted
Caused by: java.net.UnknownHostException: postgres
	at java.base/sun.nio.ch.NioSocketImpl.connect(Unknown Source)
	at java.base/java.net.SocksSocketImpl.connect(Unknown Source)
	at java.base/java.net.Socket.connect(Unknown Source)
	at org.postgresql.core.PGStream.createSocket(PGStream.java:243)
	at org.postgresql.core.PGStream.<init>(PGStream.java:98)
	at org.postgresql.core.v3.ConnectionFactoryImpl.tryConnect(ConnectionFactoryImpl.java:136)
	at org.postgresql.core.v3.ConnectionFactoryImpl.openConnectionImpl(ConnectionFactoryImpl.java:262)
	... 13 common frames omitted
2026-05-01 15:38:09.055 [main] INFO  com.promo.otp.Main - Starting OTP Service...
2026-05-01 15:38:09.066 [main] INFO  com.promo.otp.config.DatabaseConfig - Connecting to database: jdbc:postgresql://postgres:5432/otp_service
2026-05-01 15:38:09.155 [main] INFO  com.zaxxer.hikari.HikariDataSource - OTP-HikariPool - Starting...
2026-05-01 15:38:15.609 [main] ERROR com.promo.otp.config.DatabaseConfig - Failed to load database configuration
com.zaxxer.hikari.pool.HikariPool$PoolInitializationException: Failed to initialize pool: The connection attempt failed.
	at com.zaxxer.hikari.pool.HikariPool.throwPoolInitializationException(HikariPool.java:584)
	at com.zaxxer.hikari.pool.HikariPool.checkFailFast(HikariPool.java:571)
	at com.zaxxer.hikari.pool.HikariPool.<init>(HikariPool.java:98)
	at com.zaxxer.hikari.HikariDataSource.<init>(HikariDataSource.java:80)
	at com.promo.otp.config.DatabaseConfig.initialize(DatabaseConfig.java:43)
	at com.promo.otp.Main.main(Main.java:16)
Caused by: org.postgresql.util.PSQLException: The connection attempt failed.
	at org.postgresql.core.v3.ConnectionFactoryImpl.openConnectionImpl(ConnectionFactoryImpl.java:358)
	at org.postgresql.core.ConnectionFactory.openConnection(ConnectionFactory.java:54)
	at org.postgresql.jdbc.PgConnection.<init>(PgConnection.java:273)
	at org.postgresql.Driver.makeConnection(Driver.java:446)
	at org.postgresql.Driver.connect(Driver.java:298)
	at com.zaxxer.hikari.util.DriverDataSource.getConnection(DriverDataSource.java:137)
	at com.zaxxer.hikari.pool.PoolBase.newConnection(PoolBase.java:360)
	at com.zaxxer.hikari.pool.PoolBase.newPoolEntry(PoolBase.java:202)
	at com.zaxxer.hikari.pool.HikariPool.createPoolEntry(HikariPool.java:461)
	at com.zaxxer.hikari.pool.HikariPool.checkFailFast(HikariPool.java:550)
	... 4 common frames omitted
Caused by: java.net.UnknownHostException: postgres
	at java.base/sun.nio.ch.NioSocketImpl.connect(Unknown Source)
	at java.base/java.net.SocksSocketImpl.connect(Unknown Source)
	at java.base/java.net.Socket.connect(Unknown Source)
	at org.postgresql.core.PGStream.createSocket(PGStream.java:243)
	at org.postgresql.core.PGStream.<init>(PGStream.java:98)
	at org.postgresql.core.v3.ConnectionFactoryImpl.tryConnect(ConnectionFactoryImpl.java:136)
	at org.postgresql.core.v3.ConnectionFactoryImpl.openConnectionImpl(ConnectionFactoryImpl.java:262)
	... 13 common frames omitted
2026-05-01 15:38:15.618 [main] ERROR com.promo.otp.Main - Failed to start OTP Service
java.lang.RuntimeException: Database initialization failed
	at com.promo.otp.config.DatabaseConfig.initialize(DatabaseConfig.java:53)
	at com.promo.otp.Main.main(Main.java:16)
Caused by: com.zaxxer.hikari.pool.HikariPool$PoolInitializationException: Failed to initialize pool: The connection attempt failed.
	at com.zaxxer.hikari.pool.HikariPool.throwPoolInitializationException(HikariPool.java:584)
	at com.zaxxer.hikari.pool.HikariPool.checkFailFast(HikariPool.java:571)
	at com.zaxxer.hikari.pool.HikariPool.<init>(HikariPool.java:98)
	at com.zaxxer.hikari.HikariDataSource.<init>(HikariDataSource.java:80)
	at com.promo.otp.config.DatabaseConfig.initialize(DatabaseConfig.java:43)
	... 1 common frames omitted
Caused by: org.postgresql.util.PSQLException: The connection attempt failed.
	at org.postgresql.core.v3.ConnectionFactoryImpl.openConnectionImpl(ConnectionFactoryImpl.java:358)
	at org.postgresql.core.ConnectionFactory.openConnection(ConnectionFactory.java:54)
	at org.postgresql.jdbc.PgConnection.<init>(PgConnection.java:273)
	at org.postgresql.Driver.makeConnection(Driver.java:446)
	at org.postgresql.Driver.connect(Driver.java:298)
	at com.zaxxer.hikari.util.DriverDataSource.getConnection(DriverDataSource.java:137)
	at com.zaxxer.hikari.pool.PoolBase.newConnection(PoolBase.java:360)
	at com.zaxxer.hikari.pool.PoolBase.newPoolEntry(PoolBase.java:202)
	at com.zaxxer.hikari.pool.HikariPool.createPoolEntry(HikariPool.java:461)
	at com.zaxxer.hikari.pool.HikariPool.checkFailFast(HikariPool.java:550)
	... 4 common frames omitted
Caused by: java.net.UnknownHostException: postgres
	at java.base/sun.nio.ch.NioSocketImpl.connect(Unknown Source)
	at java.base/java.net.SocksSocketImpl.connect(Unknown Source)
	at java.base/java.net.Socket.connect(Unknown Source)
	at org.postgresql.core.PGStream.createSocket(PGStream.java:243)
	at org.postgresql.core.PGStream.<init>(PGStream.java:98)
	at org.postgresql.core.v3.ConnectionFactoryImpl.tryConnect(ConnectionFactoryImpl.java:136)
	at org.postgresql.core.v3.ConnectionFactoryImpl.openConnectionImpl(ConnectionFactoryImpl.java:262)
	... 13 common frames omitted
2026-05-01 15:38:20.787 [main] INFO  com.promo.otp.Main - Starting OTP Service...
2026-05-01 15:38:20.793 [main] INFO  com.promo.otp.config.DatabaseConfig - Connecting to database: jdbc:postgresql://postgres:5432/otp_service
2026-05-01 15:38:20.837 [main] INFO  com.zaxxer.hikari.HikariDataSource - OTP-HikariPool - Starting...
2026-05-01 15:38:27.037 [main] ERROR com.promo.otp.config.DatabaseConfig - Failed to load database configuration
com.zaxxer.hikari.pool.HikariPool$PoolInitializationException: Failed to initialize pool: The connection attempt failed.
	at com.zaxxer.hikari.pool.HikariPool.throwPoolInitializationException(HikariPool.java:584)
	at com.zaxxer.hikari.pool.HikariPool.checkFailFast(HikariPool.java:571)
	at com.zaxxer.hikari.pool.HikariPool.<init>(HikariPool.java:98)
	at com.zaxxer.hikari.HikariDataSource.<init>(HikariDataSource.java:80)
	at com.promo.otp.config.DatabaseConfig.initialize(DatabaseConfig.java:43)
	at com.promo.otp.Main.main(Main.java:16)
Caused by: org.postgresql.util.PSQLException: The connection attempt failed.
	at org.postgresql.core.v3.ConnectionFactoryImpl.openConnectionImpl(ConnectionFactoryImpl.java:358)
	at org.postgresql.core.ConnectionFactory.openConnection(ConnectionFactory.java:54)
	at org.postgresql.jdbc.PgConnection.<init>(PgConnection.java:273)
	at org.postgresql.Driver.makeConnection(Driver.java:446)
	at org.postgresql.Driver.connect(Driver.java:298)
	at com.zaxxer.hikari.util.DriverDataSource.getConnection(DriverDataSource.java:137)
	at com.zaxxer.hikari.pool.PoolBase.newConnection(PoolBase.java:360)
	at com.zaxxer.hikari.pool.PoolBase.newPoolEntry(PoolBase.java:202)
	at com.zaxxer.hikari.pool.HikariPool.createPoolEntry(HikariPool.java:461)
	at com.zaxxer.hikari.pool.HikariPool.checkFailFast(HikariPool.java:550)
	... 4 common frames omitted
Caused by: java.net.UnknownHostException: postgres
	at java.base/sun.nio.ch.NioSocketImpl.connect(Unknown Source)
	at java.base/java.net.SocksSocketImpl.connect(Unknown Source)
	at java.base/java.net.Socket.connect(Unknown Source)
	at org.postgresql.core.PGStream.createSocket(PGStream.java:243)
	at org.postgresql.core.PGStream.<init>(PGStream.java:98)
	at org.postgresql.core.v3.ConnectionFactoryImpl.tryConnect(ConnectionFactoryImpl.java:136)
	at org.postgresql.core.v3.ConnectionFactoryImpl.openConnectionImpl(ConnectionFactoryImpl.java:262)
	... 13 common frames omitted
2026-05-01 15:38:27.041 [main] ERROR com.promo.otp.Main - Failed to start OTP Service
java.lang.RuntimeException: Database initialization failed
	at com.promo.otp.config.DatabaseConfig.initialize(DatabaseConfig.java:53)
	at com.promo.otp.Main.main(Main.java:16)
Caused by: com.zaxxer.hikari.pool.HikariPool$PoolInitializationException: Failed to initialize pool: The connection attempt failed.
	at com.zaxxer.hikari.pool.HikariPool.throwPoolInitializationException(HikariPool.java:584)
	at com.zaxxer.hikari.pool.HikariPool.checkFailFast(HikariPool.java:571)
	at com.zaxxer.hikari.pool.HikariPool.<init>(HikariPool.java:98)
	at com.zaxxer.hikari.HikariDataSource.<init>(HikariDataSource.java:80)
	at com.promo.otp.config.DatabaseConfig.initialize(DatabaseConfig.java:43)
	... 1 common frames omitted
Caused by: org.postgresql.util.PSQLException: The connection attempt failed.
	at org.postgresql.core.v3.ConnectionFactoryImpl.openConnectionImpl(ConnectionFactoryImpl.java:358)
	at org.postgresql.core.ConnectionFactory.openConnection(ConnectionFactory.java:54)
	at org.postgresql.jdbc.PgConnection.<init>(PgConnection.java:273)
	at org.postgresql.Driver.makeConnection(Driver.java:446)
	at org.postgresql.Driver.connect(Driver.java:298)
	at com.zaxxer.hikari.util.DriverDataSource.getConnection(DriverDataSource.java:137)
	at com.zaxxer.hikari.pool.PoolBase.newConnection(PoolBase.java:360)
	at com.zaxxer.hikari.pool.PoolBase.newPoolEntry(PoolBase.java:202)
	at com.zaxxer.hikari.pool.HikariPool.createPoolEntry(HikariPool.java:461)
	at com.zaxxer.hikari.pool.HikariPool.checkFailFast(HikariPool.java:550)
	... 4 common frames omitted
Caused by: java.net.UnknownHostException: postgres
	at java.base/sun.nio.ch.NioSocketImpl.connect(Unknown Source)
	at java.base/java.net.SocksSocketImpl.connect(Unknown Source)
	at java.base/java.net.Socket.connect(Unknown Source)
	at org.postgresql.core.PGStream.createSocket(PGStream.java:243)
	at org.postgresql.core.PGStream.<init>(PGStream.java:98)
	at org.postgresql.core.v3.ConnectionFactoryImpl.tryConnect(ConnectionFactoryImpl.java:136)
	at org.postgresql.core.v3.ConnectionFactoryImpl.openConnectionImpl(ConnectionFactoryImpl.java:262)
	... 13 common frames omitted
2026-05-01 15:38:38.379 [main] INFO  com.promo.otp.Main - Starting OTP Service...
2026-05-01 15:38:38.384 [main] INFO  com.promo.otp.config.DatabaseConfig - Connecting to database: jdbc:postgresql://postgres:5432/otp_service
2026-05-01 15:38:38.413 [main] INFO  com.zaxxer.hikari.HikariDataSource - OTP-HikariPool - Starting...
2026-05-01 15:38:44.547 [main] ERROR com.promo.otp.config.DatabaseConfig - Failed to load database configuration
com.zaxxer.hikari.pool.HikariPool$PoolInitializationException: Failed to initialize pool: The connection attempt failed.
	at com.zaxxer.hikari.pool.HikariPool.throwPoolInitializationException(HikariPool.java:584)
	at com.zaxxer.hikari.pool.HikariPool.checkFailFast(HikariPool.java:571)
	at com.zaxxer.hikari.pool.HikariPool.<init>(HikariPool.java:98)
	at com.zaxxer.hikari.HikariDataSource.<init>(HikariDataSource.java:80)
	at com.promo.otp.config.DatabaseConfig.initialize(DatabaseConfig.java:43)
	at com.promo.otp.Main.main(Main.java:16)
Caused by: org.postgresql.util.PSQLException: The connection attempt failed.
	at org.postgresql.core.v3.ConnectionFactoryImpl.openConnectionImpl(ConnectionFactoryImpl.java:358)
	at org.postgresql.core.ConnectionFactory.openConnection(ConnectionFactory.java:54)
	at org.postgresql.jdbc.PgConnection.<init>(PgConnection.java:273)
	at org.postgresql.Driver.makeConnection(Driver.java:446)
	at org.postgresql.Driver.connect(Driver.java:298)
	at com.zaxxer.hikari.util.DriverDataSource.getConnection(DriverDataSource.java:137)
	at com.zaxxer.hikari.pool.PoolBase.newConnection(PoolBase.java:360)
	at com.zaxxer.hikari.pool.PoolBase.newPoolEntry(PoolBase.java:202)
	at com.zaxxer.hikari.pool.HikariPool.createPoolEntry(HikariPool.java:461)
	at com.zaxxer.hikari.pool.HikariPool.checkFailFast(HikariPool.java:550)
	... 4 common frames omitted
Caused by: java.net.UnknownHostException: postgres
	at java.base/sun.nio.ch.NioSocketImpl.connect(Unknown Source)
	at java.base/java.net.SocksSocketImpl.connect(Unknown Source)
	at java.base/java.net.Socket.connect(Unknown Source)
	at org.postgresql.core.PGStream.createSocket(PGStream.java:243)
	at org.postgresql.core.PGStream.<init>(PGStream.java:98)
	at org.postgresql.core.v3.ConnectionFactoryImpl.tryConnect(ConnectionFactoryImpl.java:136)
	at org.postgresql.core.v3.ConnectionFactoryImpl.openConnectionImpl(ConnectionFactoryImpl.java:262)
	... 13 common frames omitted
2026-05-01 15:38:44.558 [main] ERROR com.promo.otp.Main - Failed to start OTP Service
java.lang.RuntimeException: Database initialization failed
	at com.promo.otp.config.DatabaseConfig.initialize(DatabaseConfig.java:53)
	at com.promo.otp.Main.main(Main.java:16)
Caused by: com.zaxxer.hikari.pool.HikariPool$PoolInitializationException: Failed to initialize pool: The connection attempt failed.
	at com.zaxxer.hikari.pool.HikariPool.throwPoolInitializationException(HikariPool.java:584)
	at com.zaxxer.hikari.pool.HikariPool.checkFailFast(HikariPool.java:571)
	at com.zaxxer.hikari.pool.HikariPool.<init>(HikariPool.java:98)
	at com.zaxxer.hikari.HikariDataSource.<init>(HikariDataSource.java:80)
	at com.promo.otp.config.DatabaseConfig.initialize(DatabaseConfig.java:43)
	... 1 common frames omitted
Caused by: org.postgresql.util.PSQLException: The connection attempt failed.
	at org.postgresql.core.v3.ConnectionFactoryImpl.openConnectionImpl(ConnectionFactoryImpl.java:358)
	at org.postgresql.core.ConnectionFactory.openConnection(ConnectionFactory.java:54)
	at org.postgresql.jdbc.PgConnection.<init>(PgConnection.java:273)
	at org.postgresql.Driver.makeConnection(Driver.java:446)
	at org.postgresql.Driver.connect(Driver.java:298)
	at com.zaxxer.hikari.util.DriverDataSource.getConnection(DriverDataSource.java:137)
	at com.zaxxer.hikari.pool.PoolBase.newConnection(PoolBase.java:360)
	at com.zaxxer.hikari.pool.PoolBase.newPoolEntry(PoolBase.java:202)
	at com.zaxxer.hikari.pool.HikariPool.createPoolEntry(HikariPool.java:461)
	at com.zaxxer.hikari.pool.HikariPool.checkFailFast(HikariPool.java:550)
	... 4 common frames omitted
Caused by: java.net.UnknownHostException: postgres
	at java.base/sun.nio.ch.NioSocketImpl.connect(Unknown Source)
	at java.base/java.net.SocksSocketImpl.connect(Unknown Source)
	at java.base/java.net.Socket.connect(Unknown Source)
	at org.postgresql.core.PGStream.createSocket(PGStream.java:243)
	at org.postgresql.core.PGStream.<init>(PGStream.java:98)
	at org.postgresql.core.v3.ConnectionFactoryImpl.tryConnect(ConnectionFactoryImpl.java:136)
	at org.postgresql.core.v3.ConnectionFactoryImpl.openConnectionImpl(ConnectionFactoryImpl.java:262)
	... 13 common frames omitted
2026-05-01 15:38:47.505 [main] INFO  com.promo.otp.Main - Starting OTP Service...
2026-05-01 15:38:47.511 [main] INFO  com.promo.otp.config.DatabaseConfig - Connecting to database: jdbc:postgresql://postgres:5432/otp_service
2026-05-01 15:38:47.566 [main] INFO  com.zaxxer.hikari.HikariDataSource - OTP-HikariPool - Starting...
2026-05-01 15:38:53.860 [main] ERROR com.promo.otp.config.DatabaseConfig - Failed to load database configuration
com.zaxxer.hikari.pool.HikariPool$PoolInitializationException: Failed to initialize pool: The connection attempt failed.
	at com.zaxxer.hikari.pool.HikariPool.throwPoolInitializationException(HikariPool.java:584)
	at com.zaxxer.hikari.pool.HikariPool.checkFailFast(HikariPool.java:571)
	at com.zaxxer.hikari.pool.HikariPool.<init>(HikariPool.java:98)
	at com.zaxxer.hikari.HikariDataSource.<init>(HikariDataSource.java:80)
	at com.promo.otp.config.DatabaseConfig.initialize(DatabaseConfig.java:43)
	at com.promo.otp.Main.main(Main.java:16)
Caused by: org.postgresql.util.PSQLException: The connection attempt failed.
	at org.postgresql.core.v3.ConnectionFactoryImpl.openConnectionImpl(ConnectionFactoryImpl.java:358)
	at org.postgresql.core.ConnectionFactory.openConnection(ConnectionFactory.java:54)
	at org.postgresql.jdbc.PgConnection.<init>(PgConnection.java:273)
	at org.postgresql.Driver.makeConnection(Driver.java:446)
	at org.postgresql.Driver.connect(Driver.java:298)
	at com.zaxxer.hikari.util.DriverDataSource.getConnection(DriverDataSource.java:137)
	at com.zaxxer.hikari.pool.PoolBase.newConnection(PoolBase.java:360)
	at com.zaxxer.hikari.pool.PoolBase.newPoolEntry(PoolBase.java:202)
	at com.zaxxer.hikari.pool.HikariPool.createPoolEntry(HikariPool.java:461)
	at com.zaxxer.hikari.pool.HikariPool.checkFailFast(HikariPool.java:550)
	... 4 common frames omitted
Caused by: java.net.UnknownHostException: postgres
	at java.base/sun.nio.ch.NioSocketImpl.connect(Unknown Source)
	at java.base/java.net.SocksSocketImpl.connect(Unknown Source)
	at java.base/java.net.Socket.connect(Unknown Source)
	at org.postgresql.core.PGStream.createSocket(PGStream.java:243)
	at org.postgresql.core.PGStream.<init>(PGStream.java:98)
	at org.postgresql.core.v3.ConnectionFactoryImpl.tryConnect(ConnectionFactoryImpl.java:136)
	at org.postgresql.core.v3.ConnectionFactoryImpl.openConnectionImpl(ConnectionFactoryImpl.java:262)
	... 13 common frames omitted
2026-05-01 15:38:53.874 [main] ERROR com.promo.otp.Main - Failed to start OTP Service
java.lang.RuntimeException: Database initialization failed
	at com.promo.otp.config.DatabaseConfig.initialize(DatabaseConfig.java:53)
	at com.promo.otp.Main.main(Main.java:16)
Caused by: com.zaxxer.hikari.pool.HikariPool$PoolInitializationException: Failed to initialize pool: The connection attempt failed.
	at com.zaxxer.hikari.pool.HikariPool.throwPoolInitializationException(HikariPool.java:584)
	at com.zaxxer.hikari.pool.HikariPool.checkFailFast(HikariPool.java:571)
	at com.zaxxer.hikari.pool.HikariPool.<init>(HikariPool.java:98)
	at com.zaxxer.hikari.HikariDataSource.<init>(HikariDataSource.java:80)
	at com.promo.otp.config.DatabaseConfig.initialize(DatabaseConfig.java:43)
	... 1 common frames omitted
Caused by: org.postgresql.util.PSQLException: The connection attempt failed.
	at org.postgresql.core.v3.ConnectionFactoryImpl.openConnectionImpl(ConnectionFactoryImpl.java:358)
	at org.postgresql.core.ConnectionFactory.openConnection(ConnectionFactory.java:54)
	at org.postgresql.jdbc.PgConnection.<init>(PgConnection.java:273)
	at org.postgresql.Driver.makeConnection(Driver.java:446)
	at org.postgresql.Driver.connect(Driver.java:298)
	at com.zaxxer.hikari.util.DriverDataSource.getConnection(DriverDataSource.java:137)
	at com.zaxxer.hikari.pool.PoolBase.newConnection(PoolBase.java:360)
	at com.zaxxer.hikari.pool.PoolBase.newPoolEntry(PoolBase.java:202)
	at com.zaxxer.hikari.pool.HikariPool.createPoolEntry(HikariPool.java:461)
	at com.zaxxer.hikari.pool.HikariPool.checkFailFast(HikariPool.java:550)
	... 4 common frames omitted
Caused by: java.net.UnknownHostException: postgres
	at java.base/sun.nio.ch.NioSocketImpl.connect(Unknown Source)
	at java.base/java.net.SocksSocketImpl.connect(Unknown Source)
	at java.base/java.net.Socket.connect(Unknown Source)
	at org.postgresql.core.PGStream.createSocket(PGStream.java:243)
	at org.postgresql.core.PGStream.<init>(PGStream.java:98)
	at org.postgresql.core.v3.ConnectionFactoryImpl.tryConnect(ConnectionFactoryImpl.java:136)
	at org.postgresql.core.v3.ConnectionFactoryImpl.openConnectionImpl(ConnectionFactoryImpl.java:262)
	... 13 common frames omitted
2026-05-01 15:38:58.766 [main] INFO  com.promo.otp.Main - Starting OTP Service...
2026-05-01 15:38:58.819 [main] INFO  com.promo.otp.config.DatabaseConfig - Connecting to database: jdbc:postgresql://postgres:5432/otp_service
2026-05-01 15:38:58.895 [main] INFO  com.zaxxer.hikari.HikariDataSource - OTP-HikariPool - Starting...
2026-05-01 15:39:05.313 [main] ERROR com.promo.otp.config.DatabaseConfig - Failed to load database configuration
com.zaxxer.hikari.pool.HikariPool$PoolInitializationException: Failed to initialize pool: The connection attempt failed.
	at com.zaxxer.hikari.pool.HikariPool.throwPoolInitializationException(HikariPool.java:584)
	at com.zaxxer.hikari.pool.HikariPool.checkFailFast(HikariPool.java:571)
	at com.zaxxer.hikari.pool.HikariPool.<init>(HikariPool.java:98)
	at com.zaxxer.hikari.HikariDataSource.<init>(HikariDataSource.java:80)
	at com.promo.otp.config.DatabaseConfig.initialize(DatabaseConfig.java:43)
	at com.promo.otp.Main.main(Main.java:16)
Caused by: org.postgresql.util.PSQLException: The connection attempt failed.
	at org.postgresql.core.v3.ConnectionFactoryImpl.openConnectionImpl(ConnectionFactoryImpl.java:358)
	at org.postgresql.core.ConnectionFactory.openConnection(ConnectionFactory.java:54)
	at org.postgresql.jdbc.PgConnection.<init>(PgConnection.java:273)
	at org.postgresql.Driver.makeConnection(Driver.java:446)
	at org.postgresql.Driver.connect(Driver.java:298)
	at com.zaxxer.hikari.util.DriverDataSource.getConnection(DriverDataSource.java:137)
	at com.zaxxer.hikari.pool.PoolBase.newConnection(PoolBase.java:360)
	at com.zaxxer.hikari.pool.PoolBase.newPoolEntry(PoolBase.java:202)
	at com.zaxxer.hikari.pool.HikariPool.createPoolEntry(HikariPool.java:461)
	at com.zaxxer.hikari.pool.HikariPool.checkFailFast(HikariPool.java:550)
	... 4 common frames omitted
Caused by: java.net.UnknownHostException: postgres
	at java.base/sun.nio.ch.NioSocketImpl.connect(Unknown Source)
	at java.base/java.net.SocksSocketImpl.connect(Unknown Source)
	at java.base/java.net.Socket.connect(Unknown Source)
	at org.postgresql.core.PGStream.createSocket(PGStream.java:243)
	at org.postgresql.core.PGStream.<init>(PGStream.java:98)
	at org.postgresql.core.v3.ConnectionFactoryImpl.tryConnect(ConnectionFactoryImpl.java:136)
	at org.postgresql.core.v3.ConnectionFactoryImpl.openConnectionImpl(ConnectionFactoryImpl.java:262)
	... 13 common frames omitted
2026-05-01 15:39:05.320 [main] ERROR com.promo.otp.Main - Failed to start OTP Service
java.lang.RuntimeException: Database initialization failed
	at com.promo.otp.config.DatabaseConfig.initialize(DatabaseConfig.java:53)
	at com.promo.otp.Main.main(Main.java:16)
Caused by: com.zaxxer.hikari.pool.HikariPool$PoolInitializationException: Failed to initialize pool: The connection attempt failed.
	at com.zaxxer.hikari.pool.HikariPool.throwPoolInitializationException(HikariPool.java:584)
	at com.zaxxer.hikari.pool.HikariPool.checkFailFast(HikariPool.java:571)
	at com.zaxxer.hikari.pool.HikariPool.<init>(HikariPool.java:98)
	at com.zaxxer.hikari.HikariDataSource.<init>(HikariDataSource.java:80)
	at com.promo.otp.config.DatabaseConfig.initialize(DatabaseConfig.java:43)
	... 1 common frames omitted
Caused by: org.postgresql.util.PSQLException: The connection attempt failed.
	at org.postgresql.core.v3.ConnectionFactoryImpl.openConnectionImpl(ConnectionFactoryImpl.java:358)
	at org.postgresql.core.ConnectionFactory.openConnection(ConnectionFactory.java:54)
	at org.postgresql.jdbc.PgConnection.<init>(PgConnection.java:273)
	at org.postgresql.Driver.makeConnection(Driver.java:446)
	at org.postgresql.Driver.connect(Driver.java:298)
	at com.zaxxer.hikari.util.DriverDataSource.getConnection(DriverDataSource.java:137)
	at com.zaxxer.hikari.pool.PoolBase.newConnection(PoolBase.java:360)
	at com.zaxxer.hikari.pool.PoolBase.newPoolEntry(PoolBase.java:202)
	at com.zaxxer.hikari.pool.HikariPool.createPoolEntry(HikariPool.java:461)
	at com.zaxxer.hikari.pool.HikariPool.checkFailFast(HikariPool.java:550)
	... 4 common frames omitted
Caused by: java.net.UnknownHostException: postgres
	at java.base/sun.nio.ch.NioSocketImpl.connect(Unknown Source)
	at java.base/java.net.SocksSocketImpl.connect(Unknown Source)
	at java.base/java.net.Socket.connect(Unknown Source)
	at org.postgresql.core.PGStream.createSocket(PGStream.java:243)
	at org.postgresql.core.PGStream.<init>(PGStream.java:98)
	at org.postgresql.core.v3.ConnectionFactoryImpl.tryConnect(ConnectionFactoryImpl.java:136)
	at org.postgresql.core.v3.ConnectionFactoryImpl.openConnectionImpl(ConnectionFactoryImpl.java:262)
	... 13 common frames omitted
2026-05-01 15:39:08.048 [main] INFO  com.promo.otp.Main - Starting OTP Service...
2026-05-01 15:39:08.056 [main] INFO  com.promo.otp.config.DatabaseConfig - Connecting to database: jdbc:postgresql://postgres:5432/otp_service
2026-05-01 15:39:08.101 [main] INFO  com.zaxxer.hikari.HikariDataSource - OTP-HikariPool - Starting...
2026-05-01 15:39:14.374 [main] ERROR com.promo.otp.config.DatabaseConfig - Failed to load database configuration
com.zaxxer.hikari.pool.HikariPool$PoolInitializationException: Failed to initialize pool: The connection attempt failed.
	at com.zaxxer.hikari.pool.HikariPool.throwPoolInitializationException(HikariPool.java:584)
	at com.zaxxer.hikari.pool.HikariPool.checkFailFast(HikariPool.java:571)
	at com.zaxxer.hikari.pool.HikariPool.<init>(HikariPool.java:98)
	at com.zaxxer.hikari.HikariDataSource.<init>(HikariDataSource.java:80)
	at com.promo.otp.config.DatabaseConfig.initialize(DatabaseConfig.java:43)
	at com.promo.otp.Main.main(Main.java:16)
Caused by: org.postgresql.util.PSQLException: The connection attempt failed.
	at org.postgresql.core.v3.ConnectionFactoryImpl.openConnectionImpl(ConnectionFactoryImpl.java:358)
	at org.postgresql.core.ConnectionFactory.openConnection(ConnectionFactory.java:54)
	at org.postgresql.jdbc.PgConnection.<init>(PgConnection.java:273)
	at org.postgresql.Driver.makeConnection(Driver.java:446)
	at org.postgresql.Driver.connect(Driver.java:298)
	at com.zaxxer.hikari.util.DriverDataSource.getConnection(DriverDataSource.java:137)
	at com.zaxxer.hikari.pool.PoolBase.newConnection(PoolBase.java:360)
	at com.zaxxer.hikari.pool.PoolBase.newPoolEntry(PoolBase.java:202)
	at com.zaxxer.hikari.pool.HikariPool.createPoolEntry(HikariPool.java:461)
	at com.zaxxer.hikari.pool.HikariPool.checkFailFast(HikariPool.java:550)
	... 4 common frames omitted
Caused by: java.net.UnknownHostException: postgres
	at java.base/sun.nio.ch.NioSocketImpl.connect(Unknown Source)
	at java.base/java.net.SocksSocketImpl.connect(Unknown Source)
	at java.base/java.net.Socket.connect(Unknown Source)
	at org.postgresql.core.PGStream.createSocket(PGStream.java:243)
	at org.postgresql.core.PGStream.<init>(PGStream.java:98)
	at org.postgresql.core.v3.ConnectionFactoryImpl.tryConnect(ConnectionFactoryImpl.java:136)
	at org.postgresql.core.v3.ConnectionFactoryImpl.openConnectionImpl(ConnectionFactoryImpl.java:262)
	... 13 common frames omitted
2026-05-01 15:39:14.383 [main] ERROR com.promo.otp.Main - Failed to start OTP Service
java.lang.RuntimeException: Database initialization failed
	at com.promo.otp.config.DatabaseConfig.initialize(DatabaseConfig.java:53)
	at com.promo.otp.Main.main(Main.java:16)
Caused by: com.zaxxer.hikari.pool.HikariPool$PoolInitializationException: Failed to initialize pool: The connection attempt failed.
	at com.zaxxer.hikari.pool.HikariPool.throwPoolInitializationException(HikariPool.java:584)
	at com.zaxxer.hikari.pool.HikariPool.checkFailFast(HikariPool.java:571)
	at com.zaxxer.hikari.pool.HikariPool.<init>(HikariPool.java:98)
	at com.zaxxer.hikari.HikariDataSource.<init>(HikariDataSource.java:80)
	at com.promo.otp.config.DatabaseConfig.initialize(DatabaseConfig.java:43)
	... 1 common frames omitted
Caused by: org.postgresql.util.PSQLException: The connection attempt failed.
	at org.postgresql.core.v3.ConnectionFactoryImpl.openConnectionImpl(ConnectionFactoryImpl.java:358)
	at org.postgresql.core.ConnectionFactory.openConnection(ConnectionFactory.java:54)
	at org.postgresql.jdbc.PgConnection.<init>(PgConnection.java:273)
	at org.postgresql.Driver.makeConnection(Driver.java:446)
	at org.postgresql.Driver.connect(Driver.java:298)
	at com.zaxxer.hikari.util.DriverDataSource.getConnection(DriverDataSource.java:137)
	at com.zaxxer.hikari.pool.PoolBase.newConnection(PoolBase.java:360)
	at com.zaxxer.hikari.pool.PoolBase.newPoolEntry(PoolBase.java:202)
	at com.zaxxer.hikari.pool.HikariPool.createPoolEntry(HikariPool.java:461)
	at com.zaxxer.hikari.pool.HikariPool.checkFailFast(HikariPool.java:550)
	... 4 common frames omitted
Caused by: java.net.UnknownHostException: postgres
	at java.base/sun.nio.ch.NioSocketImpl.connect(Unknown Source)
	at java.base/java.net.SocksSocketImpl.connect(Unknown Source)
	at java.base/java.net.Socket.connect(Unknown Source)
	at org.postgresql.core.PGStream.createSocket(PGStream.java:243)
	at org.postgresql.core.PGStream.<init>(PGStream.java:98)
	at org.postgresql.core.v3.ConnectionFactoryImpl.tryConnect(ConnectionFactoryImpl.java:136)
	at org.postgresql.core.v3.ConnectionFactoryImpl.openConnectionImpl(ConnectionFactoryImpl.java:262)
	... 13 common frames omitted
2026-05-01 15:39:18.176 [main] INFO  com.promo.otp.Main - Starting OTP Service...
2026-05-01 15:39:18.189 [main] INFO  com.promo.otp.config.DatabaseConfig - Connecting to database: jdbc:postgresql://postgres:5432/otp_service
2026-05-01 15:39:18.267 [main] INFO  com.zaxxer.hikari.HikariDataSource - OTP-HikariPool - Starting...
2026-05-01 15:39:24.721 [main] ERROR com.promo.otp.config.DatabaseConfig - Failed to load database configuration
com.zaxxer.hikari.pool.HikariPool$PoolInitializationException: Failed to initialize pool: The connection attempt failed.
	at com.zaxxer.hikari.pool.HikariPool.throwPoolInitializationException(HikariPool.java:584)
	at com.zaxxer.hikari.pool.HikariPool.checkFailFast(HikariPool.java:571)
	at com.zaxxer.hikari.pool.HikariPool.<init>(HikariPool.java:98)
	at com.zaxxer.hikari.HikariDataSource.<init>(HikariDataSource.java:80)
	at com.promo.otp.config.DatabaseConfig.initialize(DatabaseConfig.java:43)
	at com.promo.otp.Main.main(Main.java:16)
Caused by: org.postgresql.util.PSQLException: The connection attempt failed.
	at org.postgresql.core.v3.ConnectionFactoryImpl.openConnectionImpl(ConnectionFactoryImpl.java:358)
	at org.postgresql.core.ConnectionFactory.openConnection(ConnectionFactory.java:54)
	at org.postgresql.jdbc.PgConnection.<init>(PgConnection.java:273)
	at org.postgresql.Driver.makeConnection(Driver.java:446)
	at org.postgresql.Driver.connect(Driver.java:298)
	at com.zaxxer.hikari.util.DriverDataSource.getConnection(DriverDataSource.java:137)
	at com.zaxxer.hikari.pool.PoolBase.newConnection(PoolBase.java:360)
	at com.zaxxer.hikari.pool.PoolBase.newPoolEntry(PoolBase.java:202)
	at com.zaxxer.hikari.pool.HikariPool.createPoolEntry(HikariPool.java:461)
	at com.zaxxer.hikari.pool.HikariPool.checkFailFast(HikariPool.java:550)
	... 4 common frames omitted
Caused by: java.net.UnknownHostException: postgres
	at java.base/sun.nio.ch.NioSocketImpl.connect(Unknown Source)
	at java.base/java.net.SocksSocketImpl.connect(Unknown Source)
	at java.base/java.net.Socket.connect(Unknown Source)
	at org.postgresql.core.PGStream.createSocket(PGStream.java:243)
	at org.postgresql.core.PGStream.<init>(PGStream.java:98)
	at org.postgresql.core.v3.ConnectionFactoryImpl.tryConnect(ConnectionFactoryImpl.java:136)
	at org.postgresql.core.v3.ConnectionFactoryImpl.openConnectionImpl(ConnectionFactoryImpl.java:262)
	... 13 common frames omitted
2026-05-01 15:39:24.728 [main] ERROR com.promo.otp.Main - Failed to start OTP Service
java.lang.RuntimeException: Database initialization failed
	at com.promo.otp.config.DatabaseConfig.initialize(DatabaseConfig.java:53)
	at com.promo.otp.Main.main(Main.java:16)
Caused by: com.zaxxer.hikari.pool.HikariPool$PoolInitializationException: Failed to initialize pool: The connection attempt failed.
	at com.zaxxer.hikari.pool.HikariPool.throwPoolInitializationException(HikariPool.java:584)
	at com.zaxxer.hikari.pool.HikariPool.checkFailFast(HikariPool.java:571)
	at com.zaxxer.hikari.pool.HikariPool.<init>(HikariPool.java:98)
	at com.zaxxer.hikari.HikariDataSource.<init>(HikariDataSource.java:80)
	at com.promo.otp.config.DatabaseConfig.initialize(DatabaseConfig.java:43)
	... 1 common frames omitted
Caused by: org.postgresql.util.PSQLException: The connection attempt failed.
	at org.postgresql.core.v3.ConnectionFactoryImpl.openConnectionImpl(ConnectionFactoryImpl.java:358)
	at org.postgresql.core.ConnectionFactory.openConnection(ConnectionFactory.java:54)
	at org.postgresql.jdbc.PgConnection.<init>(PgConnection.java:273)
	at org.postgresql.Driver.makeConnection(Driver.java:446)
	at org.postgresql.Driver.connect(Driver.java:298)
	at com.zaxxer.hikari.util.DriverDataSource.getConnection(DriverDataSource.java:137)
	at com.zaxxer.hikari.pool.PoolBase.newConnection(PoolBase.java:360)
	at com.zaxxer.hikari.pool.PoolBase.newPoolEntry(PoolBase.java:202)
	at com.zaxxer.hikari.pool.HikariPool.createPoolEntry(HikariPool.java:461)
	at com.zaxxer.hikari.pool.HikariPool.checkFailFast(HikariPool.java:550)
	... 4 common frames omitted
Caused by: java.net.UnknownHostException: postgres
	at java.base/sun.nio.ch.NioSocketImpl.connect(Unknown Source)
	at java.base/java.net.SocksSocketImpl.connect(Unknown Source)
	at java.base/java.net.Socket.connect(Unknown Source)
	at org.postgresql.core.PGStream.createSocket(PGStream.java:243)
	at org.postgresql.core.PGStream.<init>(PGStream.java:98)
	at org.postgresql.core.v3.ConnectionFactoryImpl.tryConnect(ConnectionFactoryImpl.java:136)
	at org.postgresql.core.v3.ConnectionFactoryImpl.openConnectionImpl(ConnectionFactoryImpl.java:262)
	... 13 common frames omitted
2026-05-01 15:39:28.539 [main] INFO  com.promo.otp.Main - Starting OTP Service...
2026-05-01 15:39:28.552 [main] INFO  com.promo.otp.config.DatabaseConfig - Connecting to database: jdbc:postgresql://postgres:5432/otp_service
2026-05-01 15:39:28.628 [main] INFO  com.zaxxer.hikari.HikariDataSource - OTP-HikariPool - Starting...
2026-05-01 15:39:34.937 [main] ERROR com.promo.otp.config.DatabaseConfig - Failed to load database configuration
com.zaxxer.hikari.pool.HikariPool$PoolInitializationException: Failed to initialize pool: The connection attempt failed.
	at com.zaxxer.hikari.pool.HikariPool.throwPoolInitializationException(HikariPool.java:584)
	at com.zaxxer.hikari.pool.HikariPool.checkFailFast(HikariPool.java:571)
	at com.zaxxer.hikari.pool.HikariPool.<init>(HikariPool.java:98)
	at com.zaxxer.hikari.HikariDataSource.<init>(HikariDataSource.java:80)
	at com.promo.otp.config.DatabaseConfig.initialize(DatabaseConfig.java:43)
	at com.promo.otp.Main.main(Main.java:16)
Caused by: org.postgresql.util.PSQLException: The connection attempt failed.
	at org.postgresql.core.v3.ConnectionFactoryImpl.openConnectionImpl(ConnectionFactoryImpl.java:358)
	at org.postgresql.core.ConnectionFactory.openConnection(ConnectionFactory.java:54)
	at org.postgresql.jdbc.PgConnection.<init>(PgConnection.java:273)
	at org.postgresql.Driver.makeConnection(Driver.java:446)
	at org.postgresql.Driver.connect(Driver.java:298)
	at com.zaxxer.hikari.util.DriverDataSource.getConnection(DriverDataSource.java:137)
	at com.zaxxer.hikari.pool.PoolBase.newConnection(PoolBase.java:360)
	at com.zaxxer.hikari.pool.PoolBase.newPoolEntry(PoolBase.java:202)
	at com.zaxxer.hikari.pool.HikariPool.createPoolEntry(HikariPool.java:461)
	at com.zaxxer.hikari.pool.HikariPool.checkFailFast(HikariPool.java:550)
	... 4 common frames omitted
Caused by: java.net.UnknownHostException: postgres
	at java.base/sun.nio.ch.NioSocketImpl.connect(Unknown Source)
	at java.base/java.net.SocksSocketImpl.connect(Unknown Source)
	at java.base/java.net.Socket.connect(Unknown Source)
	at org.postgresql.core.PGStream.createSocket(PGStream.java:243)
	at org.postgresql.core.PGStream.<init>(PGStream.java:98)
	at org.postgresql.core.v3.ConnectionFactoryImpl.tryConnect(ConnectionFactoryImpl.java:136)
	at org.postgresql.core.v3.ConnectionFactoryImpl.openConnectionImpl(ConnectionFactoryImpl.java:262)
	... 13 common frames omitted
2026-05-01 15:39:34.949 [main] ERROR com.promo.otp.Main - Failed to start OTP Service
java.lang.RuntimeException: Database initialization failed
	at com.promo.otp.config.DatabaseConfig.initialize(DatabaseConfig.java:53)
	at com.promo.otp.Main.main(Main.java:16)
Caused by: com.zaxxer.hikari.pool.HikariPool$PoolInitializationException: Failed to initialize pool: The connection attempt failed.
	at com.zaxxer.hikari.pool.HikariPool.throwPoolInitializationException(HikariPool.java:584)
	at com.zaxxer.hikari.pool.HikariPool.checkFailFast(HikariPool.java:571)
	at com.zaxxer.hikari.pool.HikariPool.<init>(HikariPool.java:98)
	at com.zaxxer.hikari.HikariDataSource.<init>(HikariDataSource.java:80)
	at com.promo.otp.config.DatabaseConfig.initialize(DatabaseConfig.java:43)
	... 1 common frames omitted
Caused by: org.postgresql.util.PSQLException: The connection attempt failed.
	at org.postgresql.core.v3.ConnectionFactoryImpl.openConnectionImpl(ConnectionFactoryImpl.java:358)
	at org.postgresql.core.ConnectionFactory.openConnection(ConnectionFactory.java:54)
	at org.postgresql.jdbc.PgConnection.<init>(PgConnection.java:273)
	at org.postgresql.Driver.makeConnection(Driver.java:446)
	at org.postgresql.Driver.connect(Driver.java:298)
	at com.zaxxer.hikari.util.DriverDataSource.getConnection(DriverDataSource.java:137)
	at com.zaxxer.hikari.pool.PoolBase.newConnection(PoolBase.java:360)
	at com.zaxxer.hikari.pool.PoolBase.newPoolEntry(PoolBase.java:202)
	at com.zaxxer.hikari.pool.HikariPool.createPoolEntry(HikariPool.java:461)
	at com.zaxxer.hikari.pool.HikariPool.checkFailFast(HikariPool.java:550)
	... 4 common frames omitted
Caused by: java.net.UnknownHostException: postgres
	at java.base/sun.nio.ch.NioSocketImpl.connect(Unknown Source)
	at java.base/java.net.SocksSocketImpl.connect(Unknown Source)
	at java.base/java.net.Socket.connect(Unknown Source)
	at org.postgresql.core.PGStream.createSocket(PGStream.java:243)
	at org.postgresql.core.PGStream.<init>(PGStream.java:98)
	at org.postgresql.core.v3.ConnectionFactoryImpl.tryConnect(ConnectionFactoryImpl.java:136)
	at org.postgresql.core.v3.ConnectionFactoryImpl.openConnectionImpl(ConnectionFactoryImpl.java:262)
	... 13 common frames omitted
2026-05-01 15:39:38.382 [main] INFO  com.promo.otp.Main - Starting OTP Service...
2026-05-01 15:39:38.387 [main] INFO  com.promo.otp.config.DatabaseConfig - Connecting to database: jdbc:postgresql://postgres:5432/otp_service
2026-05-01 15:39:38.433 [main] INFO  com.zaxxer.hikari.HikariDataSource - OTP-HikariPool - Starting...
2026-05-01 15:39:44.642 [main] ERROR com.promo.otp.config.DatabaseConfig - Failed to load database configuration
com.zaxxer.hikari.pool.HikariPool$PoolInitializationException: Failed to initialize pool: The connection attempt failed.
	at com.zaxxer.hikari.pool.HikariPool.throwPoolInitializationException(HikariPool.java:584)
	at com.zaxxer.hikari.pool.HikariPool.checkFailFast(HikariPool.java:571)
	at com.zaxxer.hikari.pool.HikariPool.<init>(HikariPool.java:98)
	at com.zaxxer.hikari.HikariDataSource.<init>(HikariDataSource.java:80)
	at com.promo.otp.config.DatabaseConfig.initialize(DatabaseConfig.java:43)
	at com.promo.otp.Main.main(Main.java:16)
Caused by: org.postgresql.util.PSQLException: The connection attempt failed.
	at org.postgresql.core.v3.ConnectionFactoryImpl.openConnectionImpl(ConnectionFactoryImpl.java:358)
	at org.postgresql.core.ConnectionFactory.openConnection(ConnectionFactory.java:54)
	at org.postgresql.jdbc.PgConnection.<init>(PgConnection.java:273)
	at org.postgresql.Driver.makeConnection(Driver.java:446)
	at org.postgresql.Driver.connect(Driver.java:298)
	at com.zaxxer.hikari.util.DriverDataSource.getConnection(DriverDataSource.java:137)
	at com.zaxxer.hikari.pool.PoolBase.newConnection(PoolBase.java:360)
	at com.zaxxer.hikari.pool.PoolBase.newPoolEntry(PoolBase.java:202)
	at com.zaxxer.hikari.pool.HikariPool.createPoolEntry(HikariPool.java:461)
	at com.zaxxer.hikari.pool.HikariPool.checkFailFast(HikariPool.java:550)
	... 4 common frames omitted
Caused by: java.net.UnknownHostException: postgres
	at java.base/sun.nio.ch.NioSocketImpl.connect(Unknown Source)
	at java.base/java.net.SocksSocketImpl.connect(Unknown Source)
	at java.base/java.net.Socket.connect(Unknown Source)
	at org.postgresql.core.PGStream.createSocket(PGStream.java:243)
	at org.postgresql.core.PGStream.<init>(PGStream.java:98)
	at org.postgresql.core.v3.ConnectionFactoryImpl.tryConnect(ConnectionFactoryImpl.java:136)
	at org.postgresql.core.v3.ConnectionFactoryImpl.openConnectionImpl(ConnectionFactoryImpl.java:262)
	... 13 common frames omitted
2026-05-01 15:39:44.651 [main] ERROR com.promo.otp.Main - Failed to start OTP Service
java.lang.RuntimeException: Database initialization failed
	at com.promo.otp.config.DatabaseConfig.initialize(DatabaseConfig.java:53)
	at com.promo.otp.Main.main(Main.java:16)
Caused by: com.zaxxer.hikari.pool.HikariPool$PoolInitializationException: Failed to initialize pool: The connection attempt failed.
	at com.zaxxer.hikari.pool.HikariPool.throwPoolInitializationException(HikariPool.java:584)
	at com.zaxxer.hikari.pool.HikariPool.checkFailFast(HikariPool.java:571)
	at com.zaxxer.hikari.pool.HikariPool.<init>(HikariPool.java:98)
	at com.zaxxer.hikari.HikariDataSource.<init>(HikariDataSource.java:80)
	at com.promo.otp.config.DatabaseConfig.initialize(DatabaseConfig.java:43)
	... 1 common frames omitted
Caused by: org.postgresql.util.PSQLException: The connection attempt failed.
	at org.postgresql.core.v3.ConnectionFactoryImpl.openConnectionImpl(ConnectionFactoryImpl.java:358)
	at org.postgresql.core.ConnectionFactory.openConnection(ConnectionFactory.java:54)
	at org.postgresql.jdbc.PgConnection.<init>(PgConnection.java:273)
	at org.postgresql.Driver.makeConnection(Driver.java:446)
	at org.postgresql.Driver.connect(Driver.java:298)
	at com.zaxxer.hikari.util.DriverDataSource.getConnection(DriverDataSource.java:137)
	at com.zaxxer.hikari.pool.PoolBase.newConnection(PoolBase.java:360)
	at com.zaxxer.hikari.pool.PoolBase.newPoolEntry(PoolBase.java:202)
	at com.zaxxer.hikari.pool.HikariPool.createPoolEntry(HikariPool.java:461)
	at com.zaxxer.hikari.pool.HikariPool.checkFailFast(HikariPool.java:550)
	... 4 common frames omitted
Caused by: java.net.UnknownHostException: postgres
	at java.base/sun.nio.ch.NioSocketImpl.connect(Unknown Source)
	at java.base/java.net.SocksSocketImpl.connect(Unknown Source)
	at java.base/java.net.Socket.connect(Unknown Source)
	at org.postgresql.core.PGStream.createSocket(PGStream.java:243)
	at org.postgresql.core.PGStream.<init>(PGStream.java:98)
	at org.postgresql.core.v3.ConnectionFactoryImpl.tryConnect(ConnectionFactoryImpl.java:136)
	at org.postgresql.core.v3.ConnectionFactoryImpl.openConnectionImpl(ConnectionFactoryImpl.java:262)
	... 13 common frames omitted
2026-05-01 15:39:48.404 [main] INFO  com.promo.otp.Main - Starting OTP Service...
2026-05-01 15:39:48.411 [main] INFO  com.promo.otp.config.DatabaseConfig - Connecting to database: jdbc:postgresql://postgres:5432/otp_service
2026-05-01 15:39:48.458 [main] INFO  com.zaxxer.hikari.HikariDataSource - OTP-HikariPool - Starting...
2026-05-01 15:39:54.672 [main] ERROR com.promo.otp.config.DatabaseConfig - Failed to load database configuration
com.zaxxer.hikari.pool.HikariPool$PoolInitializationException: Failed to initialize pool: The connection attempt failed.
	at com.zaxxer.hikari.pool.HikariPool.throwPoolInitializationException(HikariPool.java:584)
	at com.zaxxer.hikari.pool.HikariPool.checkFailFast(HikariPool.java:571)
	at com.zaxxer.hikari.pool.HikariPool.<init>(HikariPool.java:98)
	at com.zaxxer.hikari.HikariDataSource.<init>(HikariDataSource.java:80)
	at com.promo.otp.config.DatabaseConfig.initialize(DatabaseConfig.java:43)
	at com.promo.otp.Main.main(Main.java:16)
Caused by: org.postgresql.util.PSQLException: The connection attempt failed.
	at org.postgresql.core.v3.ConnectionFactoryImpl.openConnectionImpl(ConnectionFactoryImpl.java:358)
	at org.postgresql.core.ConnectionFactory.openConnection(ConnectionFactory.java:54)
	at org.postgresql.jdbc.PgConnection.<init>(PgConnection.java:273)
	at org.postgresql.Driver.makeConnection(Driver.java:446)
	at org.postgresql.Driver.connect(Driver.java:298)
	at com.zaxxer.hikari.util.DriverDataSource.getConnection(DriverDataSource.java:137)
	at com.zaxxer.hikari.pool.PoolBase.newConnection(PoolBase.java:360)
	at com.zaxxer.hikari.pool.PoolBase.newPoolEntry(PoolBase.java:202)
	at com.zaxxer.hikari.pool.HikariPool.createPoolEntry(HikariPool.java:461)
	at com.zaxxer.hikari.pool.HikariPool.checkFailFast(HikariPool.java:550)
	... 4 common frames omitted
Caused by: java.net.UnknownHostException: postgres
	at java.base/sun.nio.ch.NioSocketImpl.connect(Unknown Source)
	at java.base/java.net.SocksSocketImpl.connect(Unknown Source)
	at java.base/java.net.Socket.connect(Unknown Source)
	at org.postgresql.core.PGStream.createSocket(PGStream.java:243)
	at org.postgresql.core.PGStream.<init>(PGStream.java:98)
	at org.postgresql.core.v3.ConnectionFactoryImpl.tryConnect(ConnectionFactoryImpl.java:136)
	at org.postgresql.core.v3.ConnectionFactoryImpl.openConnectionImpl(ConnectionFactoryImpl.java:262)
	... 13 common frames omitted
2026-05-01 15:39:54.677 [main] ERROR com.promo.otp.Main - Failed to start OTP Service
java.lang.RuntimeException: Database initialization failed
	at com.promo.otp.config.DatabaseConfig.initialize(DatabaseConfig.java:53)
	at com.promo.otp.Main.main(Main.java:16)
Caused by: com.zaxxer.hikari.pool.HikariPool$PoolInitializationException: Failed to initialize pool: The connection attempt failed.
	at com.zaxxer.hikari.pool.HikariPool.throwPoolInitializationException(HikariPool.java:584)
	at com.zaxxer.hikari.pool.HikariPool.checkFailFast(HikariPool.java:571)
	at com.zaxxer.hikari.pool.HikariPool.<init>(HikariPool.java:98)
	at com.zaxxer.hikari.HikariDataSource.<init>(HikariDataSource.java:80)
	at com.promo.otp.config.DatabaseConfig.initialize(DatabaseConfig.java:43)
	... 1 common frames omitted
Caused by: org.postgresql.util.PSQLException: The connection attempt failed.
	at org.postgresql.core.v3.ConnectionFactoryImpl.openConnectionImpl(ConnectionFactoryImpl.java:358)
	at org.postgresql.core.ConnectionFactory.openConnection(ConnectionFactory.java:54)
	at org.postgresql.jdbc.PgConnection.<init>(PgConnection.java:273)
	at org.postgresql.Driver.makeConnection(Driver.java:446)
	at org.postgresql.Driver.connect(Driver.java:298)
	at com.zaxxer.hikari.util.DriverDataSource.getConnection(DriverDataSource.java:137)
	at com.zaxxer.hikari.pool.PoolBase.newConnection(PoolBase.java:360)
	at com.zaxxer.hikari.pool.PoolBase.newPoolEntry(PoolBase.java:202)
	at com.zaxxer.hikari.pool.HikariPool.createPoolEntry(HikariPool.java:461)
	at com.zaxxer.hikari.pool.HikariPool.checkFailFast(HikariPool.java:550)
	... 4 common frames omitted
Caused by: java.net.UnknownHostException: postgres
	at java.base/sun.nio.ch.NioSocketImpl.connect(Unknown Source)
	at java.base/java.net.SocksSocketImpl.connect(Unknown Source)
	at java.base/java.net.Socket.connect(Unknown Source)
	at org.postgresql.core.PGStream.createSocket(PGStream.java:243)
	at org.postgresql.core.PGStream.<init>(PGStream.java:98)
	at org.postgresql.core.v3.ConnectionFactoryImpl.tryConnect(ConnectionFactoryImpl.java:136)
	at org.postgresql.core.v3.ConnectionFactoryImpl.openConnectionImpl(ConnectionFactoryImpl.java:262)
	... 13 common frames omitted
2026-05-01 15:39:59.834 [main] INFO  com.promo.otp.Main - Starting OTP Service...
2026-05-01 15:39:59.841 [main] INFO  com.promo.otp.config.DatabaseConfig - Connecting to database: jdbc:postgresql://postgres:5432/otp_service
2026-05-01 15:39:59.881 [main] INFO  com.zaxxer.hikari.HikariDataSource - OTP-HikariPool - Starting...
2026-05-01 15:40:06.094 [main] ERROR com.promo.otp.config.DatabaseConfig - Failed to load database configuration
com.zaxxer.hikari.pool.HikariPool$PoolInitializationException: Failed to initialize pool: The connection attempt failed.
	at com.zaxxer.hikari.pool.HikariPool.throwPoolInitializationException(HikariPool.java:584)
	at com.zaxxer.hikari.pool.HikariPool.checkFailFast(HikariPool.java:571)
	at com.zaxxer.hikari.pool.HikariPool.<init>(HikariPool.java:98)
	at com.zaxxer.hikari.HikariDataSource.<init>(HikariDataSource.java:80)
	at com.promo.otp.config.DatabaseConfig.initialize(DatabaseConfig.java:43)
	at com.promo.otp.Main.main(Main.java:16)
Caused by: org.postgresql.util.PSQLException: The connection attempt failed.
	at org.postgresql.core.v3.ConnectionFactoryImpl.openConnectionImpl(ConnectionFactoryImpl.java:358)
	at org.postgresql.core.ConnectionFactory.openConnection(ConnectionFactory.java:54)
	at org.postgresql.jdbc.PgConnection.<init>(PgConnection.java:273)
	at org.postgresql.Driver.makeConnection(Driver.java:446)
	at org.postgresql.Driver.connect(Driver.java:298)
	at com.zaxxer.hikari.util.DriverDataSource.getConnection(DriverDataSource.java:137)
	at com.zaxxer.hikari.pool.PoolBase.newConnection(PoolBase.java:360)
	at com.zaxxer.hikari.pool.PoolBase.newPoolEntry(PoolBase.java:202)
	at com.zaxxer.hikari.pool.HikariPool.createPoolEntry(HikariPool.java:461)
	at com.zaxxer.hikari.pool.HikariPool.checkFailFast(HikariPool.java:550)
	... 4 common frames omitted
Caused by: java.net.UnknownHostException: postgres
	at java.base/sun.nio.ch.NioSocketImpl.connect(Unknown Source)
	at java.base/java.net.SocksSocketImpl.connect(Unknown Source)
	at java.base/java.net.Socket.connect(Unknown Source)
	at org.postgresql.core.PGStream.createSocket(PGStream.java:243)
	at org.postgresql.core.PGStream.<init>(PGStream.java:98)
	at org.postgresql.core.v3.ConnectionFactoryImpl.tryConnect(ConnectionFactoryImpl.java:136)
	at org.postgresql.core.v3.ConnectionFactoryImpl.openConnectionImpl(ConnectionFactoryImpl.java:262)
	... 13 common frames omitted
2026-05-01 15:40:06.117 [main] ERROR com.promo.otp.Main - Failed to start OTP Service
java.lang.RuntimeException: Database initialization failed
	at com.promo.otp.config.DatabaseConfig.initialize(DatabaseConfig.java:53)
	at com.promo.otp.Main.main(Main.java:16)
Caused by: com.zaxxer.hikari.pool.HikariPool$PoolInitializationException: Failed to initialize pool: The connection attempt failed.
	at com.zaxxer.hikari.pool.HikariPool.throwPoolInitializationException(HikariPool.java:584)
	at com.zaxxer.hikari.pool.HikariPool.checkFailFast(HikariPool.java:571)
	at com.zaxxer.hikari.pool.HikariPool.<init>(HikariPool.java:98)
	at com.zaxxer.hikari.HikariDataSource.<init>(HikariDataSource.java:80)
	at com.promo.otp.config.DatabaseConfig.initialize(DatabaseConfig.java:43)
	... 1 common frames omitted
Caused by: org.postgresql.util.PSQLException: The connection attempt failed.
	at org.postgresql.core.v3.ConnectionFactoryImpl.openConnectionImpl(ConnectionFactoryImpl.java:358)
	at org.postgresql.core.ConnectionFactory.openConnection(ConnectionFactory.java:54)
	at org.postgresql.jdbc.PgConnection.<init>(PgConnection.java:273)
	at org.postgresql.Driver.makeConnection(Driver.java:446)
	at org.postgresql.Driver.connect(Driver.java:298)
	at com.zaxxer.hikari.util.DriverDataSource.getConnection(DriverDataSource.java:137)
	at com.zaxxer.hikari.pool.PoolBase.newConnection(PoolBase.java:360)
	at com.zaxxer.hikari.pool.PoolBase.newPoolEntry(PoolBase.java:202)
	at com.zaxxer.hikari.pool.HikariPool.createPoolEntry(HikariPool.java:461)
	at com.zaxxer.hikari.pool.HikariPool.checkFailFast(HikariPool.java:550)
	... 4 common frames omitted
Caused by: java.net.UnknownHostException: postgres
	at java.base/sun.nio.ch.NioSocketImpl.connect(Unknown Source)
	at java.base/java.net.SocksSocketImpl.connect(Unknown Source)
	at java.base/java.net.Socket.connect(Unknown Source)
	at org.postgresql.core.PGStream.createSocket(PGStream.java:243)
	at org.postgresql.core.PGStream.<init>(PGStream.java:98)
	at org.postgresql.core.v3.ConnectionFactoryImpl.tryConnect(ConnectionFactoryImpl.java:136)
	at org.postgresql.core.v3.ConnectionFactoryImpl.openConnectionImpl(ConnectionFactoryImpl.java:262)
	... 13 common frames omitted
2026-05-01 15:40:14.531 [main] INFO  com.promo.otp.Main - Starting OTP Service...
2026-05-01 15:40:14.536 [main] INFO  com.promo.otp.config.DatabaseConfig - Connecting to database: jdbc:postgresql://postgres:5432/otp_service
2026-05-01 15:40:14.581 [main] INFO  com.zaxxer.hikari.HikariDataSource - OTP-HikariPool - Starting...
2026-05-01 15:40:21.989 [main] ERROR com.promo.otp.config.DatabaseConfig - Failed to load database configuration
com.zaxxer.hikari.pool.HikariPool$PoolInitializationException: Failed to initialize pool: The connection attempt failed.
	at com.zaxxer.hikari.pool.HikariPool.throwPoolInitializationException(HikariPool.java:584)
	at com.zaxxer.hikari.pool.HikariPool.checkFailFast(HikariPool.java:571)
	at com.zaxxer.hikari.pool.HikariPool.<init>(HikariPool.java:98)
	at com.zaxxer.hikari.HikariDataSource.<init>(HikariDataSource.java:80)
	at com.promo.otp.config.DatabaseConfig.initialize(DatabaseConfig.java:43)
	at com.promo.otp.Main.main(Main.java:16)
Caused by: org.postgresql.util.PSQLException: The connection attempt failed.
	at org.postgresql.core.v3.ConnectionFactoryImpl.openConnectionImpl(ConnectionFactoryImpl.java:358)
	at org.postgresql.core.ConnectionFactory.openConnection(ConnectionFactory.java:54)
	at org.postgresql.jdbc.PgConnection.<init>(PgConnection.java:273)
	at org.postgresql.Driver.makeConnection(Driver.java:446)
	at org.postgresql.Driver.connect(Driver.java:298)
	at com.zaxxer.hikari.util.DriverDataSource.getConnection(DriverDataSource.java:137)
	at com.zaxxer.hikari.pool.PoolBase.newConnection(PoolBase.java:360)
	at com.zaxxer.hikari.pool.PoolBase.newPoolEntry(PoolBase.java:202)
	at com.zaxxer.hikari.pool.HikariPool.createPoolEntry(HikariPool.java:461)
	at com.zaxxer.hikari.pool.HikariPool.checkFailFast(HikariPool.java:550)
	... 4 common frames omitted
Caused by: java.net.UnknownHostException: postgres
	at java.base/sun.nio.ch.NioSocketImpl.connect(Unknown Source)
	at java.base/java.net.SocksSocketImpl.connect(Unknown Source)
	at java.base/java.net.Socket.connect(Unknown Source)
	at org.postgresql.core.PGStream.createSocket(PGStream.java:243)
	at org.postgresql.core.PGStream.<init>(PGStream.java:98)
	at org.postgresql.core.v3.ConnectionFactoryImpl.tryConnect(ConnectionFactoryImpl.java:136)
	at org.postgresql.core.v3.ConnectionFactoryImpl.openConnectionImpl(ConnectionFactoryImpl.java:262)
	... 13 common frames omitted
2026-05-01 15:40:22.022 [main] ERROR com.promo.otp.Main - Failed to start OTP Service
java.lang.RuntimeException: Database initialization failed
	at com.promo.otp.config.DatabaseConfig.initialize(DatabaseConfig.java:53)
	at com.promo.otp.Main.main(Main.java:16)
Caused by: com.zaxxer.hikari.pool.HikariPool$PoolInitializationException: Failed to initialize pool: The connection attempt failed.
	at com.zaxxer.hikari.pool.HikariPool.throwPoolInitializationException(HikariPool.java:584)
	at com.zaxxer.hikari.pool.HikariPool.checkFailFast(HikariPool.java:571)
	at com.zaxxer.hikari.pool.HikariPool.<init>(HikariPool.java:98)
	at com.zaxxer.hikari.HikariDataSource.<init>(HikariDataSource.java:80)
	at com.promo.otp.config.DatabaseConfig.initialize(DatabaseConfig.java:43)
	... 1 common frames omitted
Caused by: org.postgresql.util.PSQLException: The connection attempt failed.
	at org.postgresql.core.v3.ConnectionFactoryImpl.openConnectionImpl(ConnectionFactoryImpl.java:358)
	at org.postgresql.core.ConnectionFactory.openConnection(ConnectionFactory.java:54)
	at org.postgresql.jdbc.PgConnection.<init>(PgConnection.java:273)
	at org.postgresql.Driver.makeConnection(Driver.java:446)
	at org.postgresql.Driver.connect(Driver.java:298)
	at com.zaxxer.hikari.util.DriverDataSource.getConnection(DriverDataSource.java:137)
	at com.zaxxer.hikari.pool.PoolBase.newConnection(PoolBase.java:360)
	at com.zaxxer.hikari.pool.PoolBase.newPoolEntry(PoolBase.java:202)
	at com.zaxxer.hikari.pool.HikariPool.createPoolEntry(HikariPool.java:461)
	at com.zaxxer.hikari.pool.HikariPool.checkFailFast(HikariPool.java:550)
	... 4 common frames omitted
Caused by: java.net.UnknownHostException: postgres
	at java.base/sun.nio.ch.NioSocketImpl.connect(Unknown Source)
	at java.base/java.net.SocksSocketImpl.connect(Unknown Source)
	at java.base/java.net.Socket.connect(Unknown Source)
	at org.postgresql.core.PGStream.createSocket(PGStream.java:243)
	at org.postgresql.core.PGStream.<init>(PGStream.java:98)
	at org.postgresql.core.v3.ConnectionFactoryImpl.tryConnect(ConnectionFactoryImpl.java:136)
	at org.postgresql.core.v3.ConnectionFactoryImpl.openConnectionImpl(ConnectionFactoryImpl.java:262)
	... 13 common frames omitted
2026-05-01 15:40:36.707 [main] INFO  com.promo.otp.Main - Starting OTP Service...
2026-05-01 15:40:36.713 [main] INFO  com.promo.otp.config.DatabaseConfig - Connecting to database: jdbc:postgresql://postgres:5432/otp_service
2026-05-01 15:40:36.753 [main] INFO  com.zaxxer.hikari.HikariDataSource - OTP-HikariPool - Starting...
2026-05-01 15:40:43.062 [main] ERROR com.promo.otp.config.DatabaseConfig - Failed to load database configuration
com.zaxxer.hikari.pool.HikariPool$PoolInitializationException: Failed to initialize pool: The connection attempt failed.
	at com.zaxxer.hikari.pool.HikariPool.throwPoolInitializationException(HikariPool.java:584)
	at com.zaxxer.hikari.pool.HikariPool.checkFailFast(HikariPool.java:571)
	at com.zaxxer.hikari.pool.HikariPool.<init>(HikariPool.java:98)
	at com.zaxxer.hikari.HikariDataSource.<init>(HikariDataSource.java:80)
	at com.promo.otp.config.DatabaseConfig.initialize(DatabaseConfig.java:43)
	at com.promo.otp.Main.main(Main.java:16)
Caused by: org.postgresql.util.PSQLException: The connection attempt failed.
	at org.postgresql.core.v3.ConnectionFactoryImpl.openConnectionImpl(ConnectionFactoryImpl.java:358)
	at org.postgresql.core.ConnectionFactory.openConnection(ConnectionFactory.java:54)
	at org.postgresql.jdbc.PgConnection.<init>(PgConnection.java:273)
	at org.postgresql.Driver.makeConnection(Driver.java:446)
	at org.postgresql.Driver.connect(Driver.java:298)
	at com.zaxxer.hikari.util.DriverDataSource.getConnection(DriverDataSource.java:137)
	at com.zaxxer.hikari.pool.PoolBase.newConnection(PoolBase.java:360)
	at com.zaxxer.hikari.pool.PoolBase.newPoolEntry(PoolBase.java:202)
	at com.zaxxer.hikari.pool.HikariPool.createPoolEntry(HikariPool.java:461)
	at com.zaxxer.hikari.pool.HikariPool.checkFailFast(HikariPool.java:550)
	... 4 common frames omitted
Caused by: java.net.UnknownHostException: postgres
	at java.base/sun.nio.ch.NioSocketImpl.connect(Unknown Source)
	at java.base/java.net.SocksSocketImpl.connect(Unknown Source)
	at java.base/java.net.Socket.connect(Unknown Source)
	at org.postgresql.core.PGStream.createSocket(PGStream.java:243)
	at org.postgresql.core.PGStream.<init>(PGStream.java:98)
	at org.postgresql.core.v3.ConnectionFactoryImpl.tryConnect(ConnectionFactoryImpl.java:136)
	at org.postgresql.core.v3.ConnectionFactoryImpl.openConnectionImpl(ConnectionFactoryImpl.java:262)
	... 13 common frames omitted
2026-05-01 15:40:43.084 [main] ERROR com.promo.otp.Main - Failed to start OTP Service
java.lang.RuntimeException: Database initialization failed
	at com.promo.otp.config.DatabaseConfig.initialize(DatabaseConfig.java:53)
	at com.promo.otp.Main.main(Main.java:16)
Caused by: com.zaxxer.hikari.pool.HikariPool$PoolInitializationException: Failed to initialize pool: The connection attempt failed.
	at com.zaxxer.hikari.pool.HikariPool.throwPoolInitializationException(HikariPool.java:584)
	at com.zaxxer.hikari.pool.HikariPool.checkFailFast(HikariPool.java:571)
	at com.zaxxer.hikari.pool.HikariPool.<init>(HikariPool.java:98)
	at com.zaxxer.hikari.HikariDataSource.<init>(HikariDataSource.java:80)
	at com.promo.otp.config.DatabaseConfig.initialize(DatabaseConfig.java:43)
	... 1 common frames omitted
Caused by: org.postgresql.util.PSQLException: The connection attempt failed.
	at org.postgresql.core.v3.ConnectionFactoryImpl.openConnectionImpl(ConnectionFactoryImpl.java:358)
	at org.postgresql.core.ConnectionFactory.openConnection(ConnectionFactory.java:54)
	at org.postgresql.jdbc.PgConnection.<init>(PgConnection.java:273)
	at org.postgresql.Driver.makeConnection(Driver.java:446)
	at org.postgresql.Driver.connect(Driver.java:298)
	at com.zaxxer.hikari.util.DriverDataSource.getConnection(DriverDataSource.java:137)
	at com.zaxxer.hikari.pool.PoolBase.newConnection(PoolBase.java:360)
	at com.zaxxer.hikari.pool.PoolBase.newPoolEntry(PoolBase.java:202)
	at com.zaxxer.hikari.pool.HikariPool.createPoolEntry(HikariPool.java:461)
	at com.zaxxer.hikari.pool.HikariPool.checkFailFast(HikariPool.java:550)
	... 4 common frames omitted
Caused by: java.net.UnknownHostException: postgres
	at java.base/sun.nio.ch.NioSocketImpl.connect(Unknown Source)
	at java.base/java.net.SocksSocketImpl.connect(Unknown Source)
	at java.base/java.net.Socket.connect(Unknown Source)
	at org.postgresql.core.PGStream.createSocket(PGStream.java:243)
	at org.postgresql.core.PGStream.<init>(PGStream.java:98)
	at org.postgresql.core.v3.ConnectionFactoryImpl.tryConnect(ConnectionFactoryImpl.java:136)
	at org.postgresql.core.v3.ConnectionFactoryImpl.openConnectionImpl(ConnectionFactoryImpl.java:262)
	... 13 common frames omitted
2026-05-01 15:41:11.309 [main] INFO  com.promo.otp.Main - Starting OTP Service...
2026-05-01 15:41:11.316 [main] INFO  com.promo.otp.config.DatabaseConfig - Connecting to database: jdbc:postgresql://postgres:5432/otp_service
2026-05-01 15:41:11.376 [main] INFO  com.zaxxer.hikari.HikariDataSource - OTP-HikariPool - Starting...
2026-05-01 15:41:17.646 [main] ERROR com.promo.otp.config.DatabaseConfig - Failed to load database configuration
com.zaxxer.hikari.pool.HikariPool$PoolInitializationException: Failed to initialize pool: The connection attempt failed.
	at com.zaxxer.hikari.pool.HikariPool.throwPoolInitializationException(HikariPool.java:584)
	at com.zaxxer.hikari.pool.HikariPool.checkFailFast(HikariPool.java:571)
	at com.zaxxer.hikari.pool.HikariPool.<init>(HikariPool.java:98)
	at com.zaxxer.hikari.HikariDataSource.<init>(HikariDataSource.java:80)
	at com.promo.otp.config.DatabaseConfig.initialize(DatabaseConfig.java:43)
	at com.promo.otp.Main.main(Main.java:16)
Caused by: org.postgresql.util.PSQLException: The connection attempt failed.
	at org.postgresql.core.v3.ConnectionFactoryImpl.openConnectionImpl(ConnectionFactoryImpl.java:358)
	at org.postgresql.core.ConnectionFactory.openConnection(ConnectionFactory.java:54)
	at org.postgresql.jdbc.PgConnection.<init>(PgConnection.java:273)
	at org.postgresql.Driver.makeConnection(Driver.java:446)
	at org.postgresql.Driver.connect(Driver.java:298)
	at com.zaxxer.hikari.util.DriverDataSource.getConnection(DriverDataSource.java:137)
	at com.zaxxer.hikari.pool.PoolBase.newConnection(PoolBase.java:360)
	at com.zaxxer.hikari.pool.PoolBase.newPoolEntry(PoolBase.java:202)
	at com.zaxxer.hikari.pool.HikariPool.createPoolEntry(HikariPool.java:461)
	at com.zaxxer.hikari.pool.HikariPool.checkFailFast(HikariPool.java:550)
	... 4 common frames omitted
Caused by: java.net.UnknownHostException: postgres
	at java.base/sun.nio.ch.NioSocketImpl.connect(Unknown Source)
	at java.base/java.net.SocksSocketImpl.connect(Unknown Source)
	at java.base/java.net.Socket.connect(Unknown Source)
	at org.postgresql.core.PGStream.createSocket(PGStream.java:243)
	at org.postgresql.core.PGStream.<init>(PGStream.java:98)
	at org.postgresql.core.v3.ConnectionFactoryImpl.tryConnect(ConnectionFactoryImpl.java:136)
	at org.postgresql.core.v3.ConnectionFactoryImpl.openConnectionImpl(ConnectionFactoryImpl.java:262)
	... 13 common frames omitted
2026-05-01 15:41:17.658 [main] ERROR com.promo.otp.Main - Failed to start OTP Service
java.lang.RuntimeException: Database initialization failed
	at com.promo.otp.config.DatabaseConfig.initialize(DatabaseConfig.java:53)
	at com.promo.otp.Main.main(Main.java:16)
Caused by: com.zaxxer.hikari.pool.HikariPool$PoolInitializationException: Failed to initialize pool: The connection attempt failed.
	at com.zaxxer.hikari.pool.HikariPool.throwPoolInitializationException(HikariPool.java:584)
	at com.zaxxer.hikari.pool.HikariPool.checkFailFast(HikariPool.java:571)
	at com.zaxxer.hikari.pool.HikariPool.<init>(HikariPool.java:98)
	at com.zaxxer.hikari.HikariDataSource.<init>(HikariDataSource.java:80)
	at com.promo.otp.config.DatabaseConfig.initialize(DatabaseConfig.java:43)
	... 1 common frames omitted
Caused by: org.postgresql.util.PSQLException: The connection attempt failed.
	at org.postgresql.core.v3.ConnectionFactoryImpl.openConnectionImpl(ConnectionFactoryImpl.java:358)
	at org.postgresql.core.ConnectionFactory.openConnection(ConnectionFactory.java:54)
	at org.postgresql.jdbc.PgConnection.<init>(PgConnection.java:273)
	at org.postgresql.Driver.makeConnection(Driver.java:446)
	at org.postgresql.Driver.connect(Driver.java:298)
	at com.zaxxer.hikari.util.DriverDataSource.getConnection(DriverDataSource.java:137)
	at com.zaxxer.hikari.pool.PoolBase.newConnection(PoolBase.java:360)
	at com.zaxxer.hikari.pool.PoolBase.newPoolEntry(PoolBase.java:202)
	at com.zaxxer.hikari.pool.HikariPool.createPoolEntry(HikariPool.java:461)
	at com.zaxxer.hikari.pool.HikariPool.checkFailFast(HikariPool.java:550)
	... 4 common frames omitted
Caused by: java.net.UnknownHostException: postgres
	at java.base/sun.nio.ch.NioSocketImpl.connect(Unknown Source)
	at java.base/java.net.SocksSocketImpl.connect(Unknown Source)
	at java.base/java.net.Socket.connect(Unknown Source)
	at org.postgresql.core.PGStream.createSocket(PGStream.java:243)
	at org.postgresql.core.PGStream.<init>(PGStream.java:98)
	at org.postgresql.core.v3.ConnectionFactoryImpl.tryConnect(ConnectionFactoryImpl.java:136)
	at org.postgresql.core.v3.ConnectionFactoryImpl.openConnectionImpl(ConnectionFactoryImpl.java:262)
	... 13 common frames omitted
2026-05-01 15:42:11.281 [main] INFO  com.promo.otp.Main - Starting OTP Service...
2026-05-01 15:42:11.288 [main] INFO  com.promo.otp.config.DatabaseConfig - Connecting to database: jdbc:postgresql://postgres:5432/otp_service
2026-05-01 15:42:11.330 [main] INFO  com.zaxxer.hikari.HikariDataSource - OTP-HikariPool - Starting...
2026-05-01 15:42:17.630 [main] ERROR com.promo.otp.config.DatabaseConfig - Failed to load database configuration
com.zaxxer.hikari.pool.HikariPool$PoolInitializationException: Failed to initialize pool: The connection attempt failed.
	at com.zaxxer.hikari.pool.HikariPool.throwPoolInitializationException(HikariPool.java:584)
	at com.zaxxer.hikari.pool.HikariPool.checkFailFast(HikariPool.java:571)
	at com.zaxxer.hikari.pool.HikariPool.<init>(HikariPool.java:98)
	at com.zaxxer.hikari.HikariDataSource.<init>(HikariDataSource.java:80)
	at com.promo.otp.config.DatabaseConfig.initialize(DatabaseConfig.java:43)
	at com.promo.otp.Main.main(Main.java:16)
Caused by: org.postgresql.util.PSQLException: The connection attempt failed.
	at org.postgresql.core.v3.ConnectionFactoryImpl.openConnectionImpl(ConnectionFactoryImpl.java:358)
	at org.postgresql.core.ConnectionFactory.openConnection(ConnectionFactory.java:54)
	at org.postgresql.jdbc.PgConnection.<init>(PgConnection.java:273)
	at org.postgresql.Driver.makeConnection(Driver.java:446)
	at org.postgresql.Driver.connect(Driver.java:298)
	at com.zaxxer.hikari.util.DriverDataSource.getConnection(DriverDataSource.java:137)
	at com.zaxxer.hikari.pool.PoolBase.newConnection(PoolBase.java:360)
	at com.zaxxer.hikari.pool.PoolBase.newPoolEntry(PoolBase.java:202)
	at com.zaxxer.hikari.pool.HikariPool.createPoolEntry(HikariPool.java:461)
	at com.zaxxer.hikari.pool.HikariPool.checkFailFast(HikariPool.java:550)
	... 4 common frames omitted
Caused by: java.net.UnknownHostException: postgres
	at java.base/sun.nio.ch.NioSocketImpl.connect(Unknown Source)
	at java.base/java.net.SocksSocketImpl.connect(Unknown Source)
	at java.base/java.net.Socket.connect(Unknown Source)
	at org.postgresql.core.PGStream.createSocket(PGStream.java:243)
	at org.postgresql.core.PGStream.<init>(PGStream.java:98)
	at org.postgresql.core.v3.ConnectionFactoryImpl.tryConnect(ConnectionFactoryImpl.java:136)
	at org.postgresql.core.v3.ConnectionFactoryImpl.openConnectionImpl(ConnectionFactoryImpl.java:262)
	... 13 common frames omitted
2026-05-01 15:42:17.639 [main] ERROR com.promo.otp.Main - Failed to start OTP Service
java.lang.RuntimeException: Database initialization failed
	at com.promo.otp.config.DatabaseConfig.initialize(DatabaseConfig.java:53)
	at com.promo.otp.Main.main(Main.java:16)
Caused by: com.zaxxer.hikari.pool.HikariPool$PoolInitializationException: Failed to initialize pool: The connection attempt failed.
	at com.zaxxer.hikari.pool.HikariPool.throwPoolInitializationException(HikariPool.java:584)
	at com.zaxxer.hikari.pool.HikariPool.checkFailFast(HikariPool.java:571)
	at com.zaxxer.hikari.pool.HikariPool.<init>(HikariPool.java:98)
	at com.zaxxer.hikari.HikariDataSource.<init>(HikariDataSource.java:80)
	at com.promo.otp.config.DatabaseConfig.initialize(DatabaseConfig.java:43)
	... 1 common frames omitted
Caused by: org.postgresql.util.PSQLException: The connection attempt failed.
	at org.postgresql.core.v3.ConnectionFactoryImpl.openConnectionImpl(ConnectionFactoryImpl.java:358)
	at org.postgresql.core.ConnectionFactory.openConnection(ConnectionFactory.java:54)
	at org.postgresql.jdbc.PgConnection.<init>(PgConnection.java:273)
	at org.postgresql.Driver.makeConnection(Driver.java:446)
	at org.postgresql.Driver.connect(Driver.java:298)
	at com.zaxxer.hikari.util.DriverDataSource.getConnection(DriverDataSource.java:137)
	at com.zaxxer.hikari.pool.PoolBase.newConnection(PoolBase.java:360)
	at com.zaxxer.hikari.pool.PoolBase.newPoolEntry(PoolBase.java:202)
	at com.zaxxer.hikari.pool.HikariPool.createPoolEntry(HikariPool.java:461)
	at com.zaxxer.hikari.pool.HikariPool.checkFailFast(HikariPool.java:550)
	... 4 common frames omitted
Caused by: java.net.UnknownHostException: postgres
	at java.base/sun.nio.ch.NioSocketImpl.connect(Unknown Source)
	at java.base/java.net.SocksSocketImpl.connect(Unknown Source)
	at java.base/java.net.Socket.connect(Unknown Source)
	at org.postgresql.core.PGStream.createSocket(PGStream.java:243)
	at org.postgresql.core.PGStream.<init>(PGStream.java:98)
	at org.postgresql.core.v3.ConnectionFactoryImpl.tryConnect(ConnectionFactoryImpl.java:136)
	at org.postgresql.core.v3.ConnectionFactoryImpl.openConnectionImpl(ConnectionFactoryImpl.java:262)
	... 13 common frames omitted
2026-05-01 15:43:20.178 [main] INFO  com.promo.otp.Main - Starting OTP Service...
2026-05-01 15:43:20.188 [main] INFO  com.promo.otp.config.DatabaseConfig - Connecting to database: jdbc:postgresql://postgres:5432/otp_service
2026-05-01 15:43:20.258 [main] INFO  com.zaxxer.hikari.HikariDataSource - OTP-HikariPool - Starting...
2026-05-01 15:43:26.548 [main] ERROR com.promo.otp.config.DatabaseConfig - Failed to load database configuration
com.zaxxer.hikari.pool.HikariPool$PoolInitializationException: Failed to initialize pool: The connection attempt failed.
	at com.zaxxer.hikari.pool.HikariPool.throwPoolInitializationException(HikariPool.java:584)
	at com.zaxxer.hikari.pool.HikariPool.checkFailFast(HikariPool.java:571)
	at com.zaxxer.hikari.pool.HikariPool.<init>(HikariPool.java:98)
	at com.zaxxer.hikari.HikariDataSource.<init>(HikariDataSource.java:80)
	at com.promo.otp.config.DatabaseConfig.initialize(DatabaseConfig.java:43)
	at com.promo.otp.Main.main(Main.java:16)
Caused by: org.postgresql.util.PSQLException: The connection attempt failed.
	at org.postgresql.core.v3.ConnectionFactoryImpl.openConnectionImpl(ConnectionFactoryImpl.java:358)
	at org.postgresql.core.ConnectionFactory.openConnection(ConnectionFactory.java:54)
	at org.postgresql.jdbc.PgConnection.<init>(PgConnection.java:273)
	at org.postgresql.Driver.makeConnection(Driver.java:446)
	at org.postgresql.Driver.connect(Driver.java:298)
	at com.zaxxer.hikari.util.DriverDataSource.getConnection(DriverDataSource.java:137)
	at com.zaxxer.hikari.pool.PoolBase.newConnection(PoolBase.java:360)
	at com.zaxxer.hikari.pool.PoolBase.newPoolEntry(PoolBase.java:202)
	at com.zaxxer.hikari.pool.HikariPool.createPoolEntry(HikariPool.java:461)
	at com.zaxxer.hikari.pool.HikariPool.checkFailFast(HikariPool.java:550)
	... 4 common frames omitted
Caused by: java.net.UnknownHostException: postgres
	at java.base/sun.nio.ch.NioSocketImpl.connect(Unknown Source)
	at java.base/java.net.SocksSocketImpl.connect(Unknown Source)
	at java.base/java.net.Socket.connect(Unknown Source)
	at org.postgresql.core.PGStream.createSocket(PGStream.java:243)
	at org.postgresql.core.PGStream.<init>(PGStream.java:98)
	at org.postgresql.core.v3.ConnectionFactoryImpl.tryConnect(ConnectionFactoryImpl.java:136)
	at org.postgresql.core.v3.ConnectionFactoryImpl.openConnectionImpl(ConnectionFactoryImpl.java:262)
	... 13 common frames omitted
2026-05-01 15:43:26.557 [main] ERROR com.promo.otp.Main - Failed to start OTP Service
java.lang.RuntimeException: Database initialization failed
	at com.promo.otp.config.DatabaseConfig.initialize(DatabaseConfig.java:53)
	at com.promo.otp.Main.main(Main.java:16)
Caused by: com.zaxxer.hikari.pool.HikariPool$PoolInitializationException: Failed to initialize pool: The connection attempt failed.
	at com.zaxxer.hikari.pool.HikariPool.throwPoolInitializationException(HikariPool.java:584)
	at com.zaxxer.hikari.pool.HikariPool.checkFailFast(HikariPool.java:571)
	at com.zaxxer.hikari.pool.HikariPool.<init>(HikariPool.java:98)
	at com.zaxxer.hikari.HikariDataSource.<init>(HikariDataSource.java:80)
	at com.promo.otp.config.DatabaseConfig.initialize(DatabaseConfig.java:43)
	... 1 common frames omitted
Caused by: org.postgresql.util.PSQLException: The connection attempt failed.
	at org.postgresql.core.v3.ConnectionFactoryImpl.openConnectionImpl(ConnectionFactoryImpl.java:358)
	at org.postgresql.core.ConnectionFactory.openConnection(ConnectionFactory.java:54)
	at org.postgresql.jdbc.PgConnection.<init>(PgConnection.java:273)
	at org.postgresql.Driver.makeConnection(Driver.java:446)
	at org.postgresql.Driver.connect(Driver.java:298)
	at com.zaxxer.hikari.util.DriverDataSource.getConnection(DriverDataSource.java:137)
	at com.zaxxer.hikari.pool.PoolBase.newConnection(PoolBase.java:360)
	at com.zaxxer.hikari.pool.PoolBase.newPoolEntry(PoolBase.java:202)
	at com.zaxxer.hikari.pool.HikariPool.createPoolEntry(HikariPool.java:461)
	at com.zaxxer.hikari.pool.HikariPool.checkFailFast(HikariPool.java:550)
	... 4 common frames omitted
Caused by: java.net.UnknownHostException: postgres
	at java.base/sun.nio.ch.NioSocketImpl.connect(Unknown Source)
	at java.base/java.net.SocksSocketImpl.connect(Unknown Source)
	at java.base/java.net.Socket.connect(Unknown Source)
	at org.postgresql.core.PGStream.createSocket(PGStream.java:243)
	at org.postgresql.core.PGStream.<init>(PGStream.java:98)
	at org.postgresql.core.v3.ConnectionFactoryImpl.tryConnect(ConnectionFactoryImpl.java:136)
	at org.postgresql.core.v3.ConnectionFactoryImpl.openConnectionImpl(ConnectionFactoryImpl.java:262)
	... 13 common frames omitted
2026-05-01 15:44:28.147 [main] INFO  com.promo.otp.Main - Starting OTP Service...
2026-05-01 15:44:28.151 [main] INFO  com.promo.otp.config.DatabaseConfig - Connecting to database: jdbc:postgresql://postgres:5432/otp_service
2026-05-01 15:44:28.193 [main] INFO  com.zaxxer.hikari.HikariDataSource - OTP-HikariPool - Starting...
2026-05-01 15:44:34.868 [main] ERROR com.promo.otp.config.DatabaseConfig - Failed to load database configuration
com.zaxxer.hikari.pool.HikariPool$PoolInitializationException: Failed to initialize pool: The connection attempt failed.
	at com.zaxxer.hikari.pool.HikariPool.throwPoolInitializationException(HikariPool.java:584)
	at com.zaxxer.hikari.pool.HikariPool.checkFailFast(HikariPool.java:571)
	at com.zaxxer.hikari.pool.HikariPool.<init>(HikariPool.java:98)
	at com.zaxxer.hikari.HikariDataSource.<init>(HikariDataSource.java:80)
	at com.promo.otp.config.DatabaseConfig.initialize(DatabaseConfig.java:43)
	at com.promo.otp.Main.main(Main.java:16)
Caused by: org.postgresql.util.PSQLException: The connection attempt failed.
	at org.postgresql.core.v3.ConnectionFactoryImpl.openConnectionImpl(ConnectionFactoryImpl.java:358)
	at org.postgresql.core.ConnectionFactory.openConnection(ConnectionFactory.java:54)
	at org.postgresql.jdbc.PgConnection.<init>(PgConnection.java:273)
	at org.postgresql.Driver.makeConnection(Driver.java:446)
	at org.postgresql.Driver.connect(Driver.java:298)
	at com.zaxxer.hikari.util.DriverDataSource.getConnection(DriverDataSource.java:137)
	at com.zaxxer.hikari.pool.PoolBase.newConnection(PoolBase.java:360)
	at com.zaxxer.hikari.pool.PoolBase.newPoolEntry(PoolBase.java:202)
	at com.zaxxer.hikari.pool.HikariPool.createPoolEntry(HikariPool.java:461)
	at com.zaxxer.hikari.pool.HikariPool.checkFailFast(HikariPool.java:550)
	... 4 common frames omitted
Caused by: java.net.UnknownHostException: postgres
	at java.base/sun.nio.ch.NioSocketImpl.connect(Unknown Source)
	at java.base/java.net.SocksSocketImpl.connect(Unknown Source)
	at java.base/java.net.Socket.connect(Unknown Source)
	at org.postgresql.core.PGStream.createSocket(PGStream.java:243)
	at org.postgresql.core.PGStream.<init>(PGStream.java:98)
	at org.postgresql.core.v3.ConnectionFactoryImpl.tryConnect(ConnectionFactoryImpl.java:136)
	at org.postgresql.core.v3.ConnectionFactoryImpl.openConnectionImpl(ConnectionFactoryImpl.java:262)
	... 13 common frames omitted
2026-05-01 15:44:34.876 [main] ERROR com.promo.otp.Main - Failed to start OTP Service
java.lang.RuntimeException: Database initialization failed
	at com.promo.otp.config.DatabaseConfig.initialize(DatabaseConfig.java:53)
	at com.promo.otp.Main.main(Main.java:16)
Caused by: com.zaxxer.hikari.pool.HikariPool$PoolInitializationException: Failed to initialize pool: The connection attempt failed.
	at com.zaxxer.hikari.pool.HikariPool.throwPoolInitializationException(HikariPool.java:584)
	at com.zaxxer.hikari.pool.HikariPool.checkFailFast(HikariPool.java:571)
	at com.zaxxer.hikari.pool.HikariPool.<init>(HikariPool.java:98)
	at com.zaxxer.hikari.HikariDataSource.<init>(HikariDataSource.java:80)
	at com.promo.otp.config.DatabaseConfig.initialize(DatabaseConfig.java:43)
	... 1 common frames omitted
Caused by: org.postgresql.util.PSQLException: The connection attempt failed.
	at org.postgresql.core.v3.ConnectionFactoryImpl.openConnectionImpl(ConnectionFactoryImpl.java:358)
	at org.postgresql.core.ConnectionFactory.openConnection(ConnectionFactory.java:54)
	at org.postgresql.jdbc.PgConnection.<init>(PgConnection.java:273)
	at org.postgresql.Driver.makeConnection(Driver.java:446)
	at org.postgresql.Driver.connect(Driver.java:298)
	at com.zaxxer.hikari.util.DriverDataSource.getConnection(DriverDataSource.java:137)
	at com.zaxxer.hikari.pool.PoolBase.newConnection(PoolBase.java:360)
	at com.zaxxer.hikari.pool.PoolBase.newPoolEntry(PoolBase.java:202)
	at com.zaxxer.hikari.pool.HikariPool.createPoolEntry(HikariPool.java:461)
	at com.zaxxer.hikari.pool.HikariPool.checkFailFast(HikariPool.java:550)
	... 4 common frames omitted
Caused by: java.net.UnknownHostException: postgres
	at java.base/sun.nio.ch.NioSocketImpl.connect(Unknown Source)
	at java.base/java.net.SocksSocketImpl.connect(Unknown Source)
	at java.base/java.net.Socket.connect(Unknown Source)
	at org.postgresql.core.PGStream.createSocket(PGStream.java:243)
	at org.postgresql.core.PGStream.<init>(PGStream.java:98)
	at org.postgresql.core.v3.ConnectionFactoryImpl.tryConnect(ConnectionFactoryImpl.java:136)
	at org.postgresql.core.v3.ConnectionFactoryImpl.openConnectionImpl(ConnectionFactoryImpl.java:262)
	... 13 common frames omitted
2026-05-01 15:45:45.599 [main] INFO  com.promo.otp.Main - Starting OTP Service...
2026-05-01 15:45:45.609 [main] INFO  com.promo.otp.config.DatabaseConfig - Connecting to database: jdbc:postgresql://postgres:5432/otp_service
2026-05-01 15:45:45.645 [main] INFO  com.zaxxer.hikari.HikariDataSource - OTP-HikariPool - Starting...
2026-05-01 15:45:46.930 [main] ERROR com.promo.otp.config.DatabaseConfig - Failed to load database configuration
com.zaxxer.hikari.pool.HikariPool$PoolInitializationException: Failed to initialize pool: Connection to postgres:5432 refused. Check that the hostname and port are correct and that the postmaster is accepting TCP/IP connections.
	at com.zaxxer.hikari.pool.HikariPool.throwPoolInitializationException(HikariPool.java:584)
	at com.zaxxer.hikari.pool.HikariPool.checkFailFast(HikariPool.java:571)
	at com.zaxxer.hikari.pool.HikariPool.<init>(HikariPool.java:98)
	at com.zaxxer.hikari.HikariDataSource.<init>(HikariDataSource.java:80)
	at com.promo.otp.config.DatabaseConfig.initialize(DatabaseConfig.java:43)
	at com.promo.otp.Main.main(Main.java:16)
Caused by: org.postgresql.util.PSQLException: Connection to postgres:5432 refused. Check that the hostname and port are correct and that the postmaster is accepting TCP/IP connections.
	at org.postgresql.core.v3.ConnectionFactoryImpl.openConnectionImpl(ConnectionFactoryImpl.java:346)
	at org.postgresql.core.ConnectionFactory.openConnection(ConnectionFactory.java:54)
	at org.postgresql.jdbc.PgConnection.<init>(PgConnection.java:273)
	at org.postgresql.Driver.makeConnection(Driver.java:446)
	at org.postgresql.Driver.connect(Driver.java:298)
	at com.zaxxer.hikari.util.DriverDataSource.getConnection(DriverDataSource.java:137)
	at com.zaxxer.hikari.pool.PoolBase.newConnection(PoolBase.java:360)
	at com.zaxxer.hikari.pool.PoolBase.newPoolEntry(PoolBase.java:202)
	at com.zaxxer.hikari.pool.HikariPool.createPoolEntry(HikariPool.java:461)
	at com.zaxxer.hikari.pool.HikariPool.checkFailFast(HikariPool.java:550)
	... 4 common frames omitted
Caused by: java.net.ConnectException: Connection refused
	at java.base/sun.nio.ch.Net.pollConnect(Native Method)
	at java.base/sun.nio.ch.Net.pollConnectNow(Unknown Source)
	at java.base/sun.nio.ch.NioSocketImpl.timedFinishConnect(Unknown Source)
	at java.base/sun.nio.ch.NioSocketImpl.connect(Unknown Source)
	at java.base/java.net.SocksSocketImpl.connect(Unknown Source)
	at java.base/java.net.Socket.connect(Unknown Source)
	at org.postgresql.core.PGStream.createSocket(PGStream.java:243)
	at org.postgresql.core.PGStream.<init>(PGStream.java:98)
	at org.postgresql.core.v3.ConnectionFactoryImpl.tryConnect(ConnectionFactoryImpl.java:136)
	at org.postgresql.core.v3.ConnectionFactoryImpl.openConnectionImpl(ConnectionFactoryImpl.java:262)
	... 13 common frames omitted
2026-05-01 15:45:46.958 [main] ERROR com.promo.otp.Main - Failed to start OTP Service
java.lang.RuntimeException: Database initialization failed
	at com.promo.otp.config.DatabaseConfig.initialize(DatabaseConfig.java:53)
	at com.promo.otp.Main.main(Main.java:16)
Caused by: com.zaxxer.hikari.pool.HikariPool$PoolInitializationException: Failed to initialize pool: Connection to postgres:5432 refused. Check that the hostname and port are correct and that the postmaster is accepting TCP/IP connections.
	at com.zaxxer.hikari.pool.HikariPool.throwPoolInitializationException(HikariPool.java:584)
	at com.zaxxer.hikari.pool.HikariPool.checkFailFast(HikariPool.java:571)
	at com.zaxxer.hikari.pool.HikariPool.<init>(HikariPool.java:98)
	at com.zaxxer.hikari.HikariDataSource.<init>(HikariDataSource.java:80)
	at com.promo.otp.config.DatabaseConfig.initialize(DatabaseConfig.java:43)
	... 1 common frames omitted
Caused by: org.postgresql.util.PSQLException: Connection to postgres:5432 refused. Check that the hostname and port are correct and that the postmaster is accepting TCP/IP connections.
	at org.postgresql.core.v3.ConnectionFactoryImpl.openConnectionImpl(ConnectionFactoryImpl.java:346)
	at org.postgresql.core.ConnectionFactory.openConnection(ConnectionFactory.java:54)
	at org.postgresql.jdbc.PgConnection.<init>(PgConnection.java:273)
	at org.postgresql.Driver.makeConnection(Driver.java:446)
	at org.postgresql.Driver.connect(Driver.java:298)
	at com.zaxxer.hikari.util.DriverDataSource.getConnection(DriverDataSource.java:137)
	at com.zaxxer.hikari.pool.PoolBase.newConnection(PoolBase.java:360)
	at com.zaxxer.hikari.pool.PoolBase.newPoolEntry(PoolBase.java:202)
	at com.zaxxer.hikari.pool.HikariPool.createPoolEntry(HikariPool.java:461)
	at com.zaxxer.hikari.pool.HikariPool.checkFailFast(HikariPool.java:550)
	... 4 common frames omitted
Caused by: java.net.ConnectException: Connection refused
	at java.base/sun.nio.ch.Net.pollConnect(Native Method)
	at java.base/sun.nio.ch.Net.pollConnectNow(Unknown Source)
	at java.base/sun.nio.ch.NioSocketImpl.timedFinishConnect(Unknown Source)
	at java.base/sun.nio.ch.NioSocketImpl.connect(Unknown Source)
	at java.base/java.net.SocksSocketImpl.connect(Unknown Source)
	at java.base/java.net.Socket.connect(Unknown Source)
	at org.postgresql.core.PGStream.createSocket(PGStream.java:243)
	at org.postgresql.core.PGStream.<init>(PGStream.java:98)
	at org.postgresql.core.v3.ConnectionFactoryImpl.tryConnect(ConnectionFactoryImpl.java:136)
	at org.postgresql.core.v3.ConnectionFactoryImpl.openConnectionImpl(ConnectionFactoryImpl.java:262)
	... 13 common frames omitted
2026-05-01 15:45:50.191 [main] INFO  com.promo.otp.Main - Starting OTP Service...
2026-05-01 15:45:50.197 [main] INFO  com.promo.otp.config.DatabaseConfig - Connecting to database: jdbc:postgresql://postgres:5432/otp_service
2026-05-01 15:45:50.250 [main] INFO  com.zaxxer.hikari.HikariDataSource - OTP-HikariPool - Starting...
2026-05-01 15:45:51.015 [main] INFO  com.zaxxer.hikari.pool.HikariPool - OTP-HikariPool - Added connection org.postgresql.jdbc.PgConnection@6fd83fc1
2026-05-01 15:45:51.019 [main] INFO  com.zaxxer.hikari.HikariDataSource - OTP-HikariPool - Start completed.
2026-05-01 15:45:51.021 [main] INFO  com.promo.otp.config.DatabaseConfig - Database connection pool created successfully
2026-05-01 15:45:51.028 [main] INFO  com.promo.otp.config.DatabaseConfig - Database connection test successful
2026-05-01 15:45:51.053 [main] INFO  com.promo.otp.Main - Database connection pool initialized
2026-05-01 15:45:51.057 [main] INFO  c.p.o.service.ExpiredCodesScheduler - Expired codes scheduler started
2026-05-01 15:45:51.058 [main] INFO  com.promo.otp.Main - Expired codes cleanup scheduler started
2026-05-01 15:45:51.683 [main] INFO  com.promo.otp.service.EmailService - Loaded email configuration
2026-05-01 15:45:51.758 [main] INFO  com.promo.otp.service.EmailService - Email service configured with host: mailhog:1025
2026-05-01 15:45:51.760 [main] INFO  com.promo.otp.service.SmsService - Loaded SMS configuration
2026-05-01 15:45:51.761 [main] INFO  com.promo.otp.service.SmsService - SMS notification service initialized with host: smpp-smsc-simulator-smscsimulator-1
2026-05-01 15:45:51.763 [main] INFO  c.promo.otp.service.TelegramService - Loaded Telegram configuration
2026-05-01 15:45:51.765 [main] INFO  c.promo.otp.service.TelegramService - Telegram notification service initialized
2026-05-01 15:45:51.768 [main] INFO  com.promo.otp.service.EmailService - Loaded email configuration
2026-05-01 15:45:51.778 [main] INFO  com.promo.otp.service.EmailService - Email service configured with host: mailhog:1025
2026-05-01 15:45:51.780 [main] INFO  com.promo.otp.service.SmsService - Loaded SMS configuration
2026-05-01 15:45:51.780 [main] INFO  com.promo.otp.service.SmsService - SMS notification service initialized with host: smpp-smsc-simulator-smscsimulator-1
2026-05-01 15:45:51.781 [main] INFO  c.promo.otp.service.TelegramService - Loaded Telegram configuration
2026-05-01 15:45:51.782 [main] INFO  c.promo.otp.service.TelegramService - Telegram notification service initialized
2026-05-01 15:45:51.815 [main] INFO  c.promo.otp.server.HttpServerManager - HTTP Server started on port 8080
2026-05-01 15:45:51.817 [main] INFO  com.promo.otp.Main - OTP Service started successfully on port 8080
2026-05-01 15:48:54.685 [Thread-1] INFO  com.promo.otp.Main - Shutting down OTP Service...
2026-05-01 15:48:54.695 [Thread-1] INFO  c.promo.otp.server.HttpServerManager - HTTP Server stopped
2026-05-01 15:48:54.708 [Thread-1] INFO  c.p.o.service.ExpiredCodesScheduler - Expired codes scheduler stopped
2026-05-01 15:48:54.710 [Thread-1] INFO  com.zaxxer.hikari.HikariDataSource - OTP-HikariPool - Shutdown initiated...
2026-05-01 15:48:54.728 [Thread-1] INFO  com.zaxxer.hikari.HikariDataSource - OTP-HikariPool - Shutdown completed.
2026-05-01 15:48:54.733 [Thread-1] INFO  com.promo.otp.config.DatabaseConfig - Database connection pool closed
2026-05-01 15:48:54.735 [Thread-1] INFO  com.promo.otp.Main - OTP Service stopped
2026-05-01 15:54:58.161 [main] INFO  com.promo.otp.Main - Starting OTP Service...
2026-05-01 15:54:58.200 [main] INFO  com.promo.otp.config.DatabaseConfig - Connecting to database: jdbc:postgresql://postgres:5432/otp_service
2026-05-01 15:54:58.273 [main] INFO  com.zaxxer.hikari.HikariDataSource - OTP-HikariPool - Starting...
2026-05-01 15:54:59.448 [main] INFO  com.zaxxer.hikari.pool.HikariPool - OTP-HikariPool - Added connection org.postgresql.jdbc.PgConnection@6fd83fc1
2026-05-01 15:54:59.471 [main] INFO  com.zaxxer.hikari.HikariDataSource - OTP-HikariPool - Start completed.
2026-05-01 15:54:59.473 [main] INFO  com.promo.otp.config.DatabaseConfig - Database connection pool created successfully
2026-05-01 15:54:59.479 [main] INFO  com.promo.otp.config.DatabaseConfig - Database connection test successful
2026-05-01 15:54:59.556 [main] INFO  com.promo.otp.Main - Database connection pool initialized
2026-05-01 15:54:59.565 [main] INFO  c.p.o.service.ExpiredCodesScheduler - Expired codes scheduler started
2026-05-01 15:54:59.576 [main] INFO  com.promo.otp.Main - Expired codes cleanup scheduler started
2026-05-01 15:55:00.276 [main] INFO  com.promo.otp.service.EmailService - Loaded email configuration
2026-05-01 15:55:00.406 [main] INFO  com.promo.otp.service.EmailService - Email service configured with host: mailhog:1025
2026-05-01 15:55:00.410 [main] INFO  com.promo.otp.service.SmsService - Loaded SMS configuration
2026-05-01 15:55:00.410 [main] INFO  com.promo.otp.service.SmsService - SMS notification service initialized with host: smpp-smsc-simulator-smscsimulator-1
2026-05-01 15:55:00.418 [main] INFO  c.promo.otp.service.TelegramService - Loaded Telegram configuration
2026-05-01 15:55:00.422 [main] INFO  c.promo.otp.service.TelegramService - Telegram notification service initialized
2026-05-01 15:55:00.431 [main] INFO  com.promo.otp.service.EmailService - Loaded email configuration
2026-05-01 15:55:00.448 [main] INFO  com.promo.otp.service.EmailService - Email service configured with host: mailhog:1025
2026-05-01 15:55:00.453 [main] INFO  com.promo.otp.service.SmsService - Loaded SMS configuration
2026-05-01 15:55:00.456 [main] INFO  com.promo.otp.service.SmsService - SMS notification service initialized with host: smpp-smsc-simulator-smscsimulator-1
2026-05-01 15:55:00.458 [main] INFO  c.promo.otp.service.TelegramService - Loaded Telegram configuration
2026-05-01 15:55:00.458 [main] INFO  c.promo.otp.service.TelegramService - Telegram notification service initialized
2026-05-01 15:55:00.516 [main] INFO  c.promo.otp.server.HttpServerManager - HTTP Server started on port 8080
2026-05-01 15:55:00.518 [main] INFO  com.promo.otp.Main - OTP Service started successfully on port 8080
2026-05-01 15:56:56.486 [pool-2-thread-2] INFO  com.promo.otp.service.AuthService - First user registered as ADMIN: admin_1777651015_3718
2026-05-01 15:56:56.651 [pool-2-thread-2] INFO  com.promo.otp.dao.UserDAO - Saved user: admin_1777651015_3718
2026-05-01 15:56:56.827 [pool-2-thread-2] INFO  com.promo.otp.service.AuthService - User registered successfully: admin_1777651015_3718
2026-05-01 15:56:56.868 [pool-2-thread-2] INFO  c.p.otp.controller.AuthController - POST /api/auth/register - User registered: admin_1777651015_3718
2026-05-01 15:56:57.138 [pool-2-thread-2] INFO  c.p.otp.controller.AdminController - GET /api/admin/config - Config retrieved
2026-05-01 15:56:57.276 [pool-2-thread-2] INFO  com.promo.otp.dao.OtpConfigDAO - Updated OTP configuration: ttl=900, length=8
2026-05-01 15:56:57.291 [pool-2-thread-2] INFO  c.p.otp.controller.AdminController - PUT /api/admin/config - Config updated by admin_1777651015_3718
2026-05-01 15:56:57.479 [pool-2-thread-2] INFO  com.promo.otp.dao.UserDAO - Saved user: user_1777651015_3718
2026-05-01 15:56:57.490 [pool-2-thread-2] INFO  com.promo.otp.service.AuthService - User registered successfully: user_1777651015_3718
2026-05-01 15:56:57.497 [pool-2-thread-2] INFO  c.p.otp.controller.AuthController - POST /api/auth/register - User registered: user_1777651015_3718
2026-05-01 15:56:57.750 [pool-2-thread-3] INFO  com.promo.otp.service.AuthService - User logged in successfully: user_1777651015_3718
2026-05-01 15:56:57.755 [pool-2-thread-3] INFO  c.p.otp.controller.AuthController - POST /api/auth/login - User logged in: user_1777651015_3718
2026-05-01 15:56:57.847 [pool-2-thread-3] INFO  com.promo.otp.dao.OtpCodeDAO - Saved OTP code for operation: test_file_1777651015_3718, user: 2
2026-05-01 15:56:57.865 [pool-2-thread-3] INFO  com.promo.otp.service.FileService - OTP code saved to file: ./otp-files/otp_user_1777651015_3718_1777651017857.txt
2026-05-01 15:56:57.869 [pool-2-thread-3] INFO  com.promo.otp.service.OtpService - Generated OTP for user 2, operation test_file_1777651015_3718, channel file
2026-05-01 15:56:57.878 [pool-2-thread-3] INFO  c.promo.otp.controller.OtpController - POST /api/otp/generate - User 2 generated OTP for operation test_file_1777651015_3718
2026-05-01 15:56:57.957 [pool-2-thread-3] INFO  com.promo.otp.dao.OtpCodeDAO - Saved OTP code for operation: test_sms_1777651015_3718, user: 2
2026-05-01 15:57:03.026 [pool-2-thread-3] ERROR com.promo.otp.service.SmsService - Failed to send SMS to +78883718651015: smpp-smsc-simulator-smscsimulator-1
2026-05-01 15:57:03.031 [pool-2-thread-3] INFO  com.promo.otp.service.OtpService - Generated OTP for user 2, operation test_sms_1777651015_3718, channel sms
2026-05-01 15:57:03.038 [pool-2-thread-3] INFO  c.promo.otp.controller.OtpController - POST /api/otp/generate - User 2 generated OTP for operation test_sms_1777651015_3718
2026-05-01 15:57:03.201 [pool-2-thread-3] INFO  com.promo.otp.dao.OtpCodeDAO - Saved OTP code for operation: test_email_1777651015_3718, user: 2
2026-05-01 15:57:03.602 [pool-2-thread-3] INFO  com.promo.otp.service.EmailService - Email sent successfully to: user_1777651015_3718@test.com
2026-05-01 15:57:03.604 [pool-2-thread-3] INFO  com.promo.otp.service.OtpService - Generated OTP for user 2, operation test_email_1777651015_3718, channel email
2026-05-01 15:57:03.615 [pool-2-thread-3] INFO  c.promo.otp.controller.OtpController - POST /api/otp/generate - User 2 generated OTP for operation test_email_1777651015_3718
2026-05-01 15:57:03.759 [pool-2-thread-3] INFO  c.p.otp.controller.AdminController - GET /api/admin/users - Retrieved 1 users
2026-05-01 16:11:59.573 [pool-1-thread-1] INFO  com.promo.otp.dao.OtpCodeDAO - Expired 2 OTP codes
2026-05-01 16:11:59.575 [pool-1-thread-1] DEBUG c.p.o.service.ExpiredCodesScheduler - Expired 2 OTP codes
2026-05-01 16:12:59.569 [pool-1-thread-1] INFO  com.promo.otp.dao.OtpCodeDAO - Expired 1 OTP codes
2026-05-01 16:12:59.569 [pool-1-thread-1] DEBUG c.p.o.service.ExpiredCodesScheduler - Expired 1 OTP codes
2026-05-01 16:19:44.240 [Thread-1] INFO  com.promo.otp.Main - Shutting down OTP Service...
2026-05-01 16:19:44.244 [Thread-1] INFO  c.promo.otp.server.HttpServerManager - HTTP Server stopped
2026-05-01 16:19:44.245 [Thread-1] INFO  c.p.o.service.ExpiredCodesScheduler - Expired codes scheduler stopped
2026-05-01 16:19:44.246 [Thread-1] INFO  com.zaxxer.hikari.HikariDataSource - OTP-HikariPool - Shutdown initiated...
2026-05-01 16:19:44.257 [Thread-1] INFO  com.zaxxer.hikari.HikariDataSource - OTP-HikariPool - Shutdown completed.
2026-05-01 16:19:44.257 [Thread-1] INFO  com.promo.otp.config.DatabaseConfig - Database connection pool closed
2026-05-01 16:19:44.257 [Thread-1] INFO  com.promo.otp.Main - OTP Service stopped
2026-05-01 16:25:14.377 [main] INFO  com.promo.otp.Main - Starting OTP Service...
2026-05-01 16:25:14.384 [main] INFO  com.promo.otp.config.DatabaseConfig - Connecting to database: jdbc:postgresql://postgres:5432/otp_service
2026-05-01 16:25:14.435 [main] INFO  com.zaxxer.hikari.HikariDataSource - OTP-HikariPool - Starting...
2026-05-01 16:25:15.442 [main] INFO  com.zaxxer.hikari.pool.HikariPool - OTP-HikariPool - Added connection org.postgresql.jdbc.PgConnection@6fd83fc1
2026-05-01 16:25:15.450 [main] INFO  com.zaxxer.hikari.HikariDataSource - OTP-HikariPool - Start completed.
2026-05-01 16:25:15.453 [main] INFO  com.promo.otp.config.DatabaseConfig - Database connection pool created successfully
2026-05-01 16:25:15.463 [main] INFO  com.promo.otp.config.DatabaseConfig - Database connection test successful
2026-05-01 16:25:15.493 [main] INFO  com.promo.otp.Main - Database connection pool initialized
2026-05-01 16:25:15.505 [main] INFO  c.p.o.service.ExpiredCodesScheduler - Expired codes scheduler started
2026-05-01 16:25:15.506 [main] INFO  com.promo.otp.Main - Expired codes cleanup scheduler started
2026-05-01 16:25:16.242 [main] INFO  com.promo.otp.service.EmailService - Loaded email configuration
2026-05-01 16:25:16.325 [main] INFO  com.promo.otp.service.EmailService - Email service configured with host: mailhog:1025
2026-05-01 16:25:16.329 [main] INFO  com.promo.otp.service.SmsService - Loaded SMS configuration
2026-05-01 16:25:16.330 [main] INFO  com.promo.otp.service.SmsService - SMS notification service initialized with host: smpp-smsc-simulator-smscsimulator-1
2026-05-01 16:25:16.333 [main] INFO  c.promo.otp.service.TelegramService - Loaded Telegram configuration
2026-05-01 16:25:16.334 [main] INFO  c.promo.otp.service.TelegramService - Telegram notification service initialized
2026-05-01 16:25:16.340 [main] INFO  com.promo.otp.service.EmailService - Loaded email configuration
2026-05-01 16:25:16.351 [main] INFO  com.promo.otp.service.EmailService - Email service configured with host: mailhog:1025
2026-05-01 16:25:16.355 [main] INFO  com.promo.otp.service.SmsService - Loaded SMS configuration
2026-05-01 16:25:16.356 [main] INFO  com.promo.otp.service.SmsService - SMS notification service initialized with host: smpp-smsc-simulator-smscsimulator-1
2026-05-01 16:25:16.358 [main] INFO  c.promo.otp.service.TelegramService - Loaded Telegram configuration
2026-05-01 16:25:16.359 [main] INFO  c.promo.otp.service.TelegramService - Telegram notification service initialized
2026-05-01 16:25:16.399 [main] INFO  c.promo.otp.server.HttpServerManager - HTTP Server started on port 8080
2026-05-01 16:25:16.402 [main] INFO  com.promo.otp.Main - OTP Service started successfully on port 8080
2026-05-01 16:26:43.845 [pool-2-thread-1] INFO  com.promo.otp.service.AuthService - First user registered as ADMIN: admin_1777652803_1309
2026-05-01 16:26:44.043 [pool-2-thread-1] INFO  com.promo.otp.dao.UserDAO - Saved user: admin_1777652803_1309
2026-05-01 16:26:44.218 [pool-2-thread-1] INFO  com.promo.otp.service.AuthService - User registered successfully: admin_1777652803_1309
2026-05-01 16:26:44.259 [pool-2-thread-1] INFO  c.p.otp.controller.AuthController - POST /api/auth/register - User registered: admin_1777652803_1309
2026-05-01 16:26:44.556 [pool-2-thread-2] INFO  c.p.otp.controller.AdminController - GET /api/admin/config - Config retrieved
2026-05-01 16:26:44.690 [pool-2-thread-2] INFO  com.promo.otp.dao.OtpConfigDAO - Updated OTP configuration: ttl=900, length=8
2026-05-01 16:26:44.697 [pool-2-thread-2] INFO  c.p.otp.controller.AdminController - PUT /api/admin/config - Config updated by admin_1777652803_1309
2026-05-01 16:26:47.643 [pool-2-thread-2] INFO  com.promo.otp.dao.UserDAO - Saved user: user_1777652803_1309
2026-05-01 16:26:47.660 [pool-2-thread-2] INFO  com.promo.otp.service.AuthService - User registered successfully: user_1777652803_1309
2026-05-01 16:26:47.667 [pool-2-thread-2] INFO  c.p.otp.controller.AuthController - POST /api/auth/register - User registered: user_1777652803_1309
2026-05-01 16:26:48.208 [pool-2-thread-2] INFO  com.promo.otp.service.AuthService - User logged in successfully: user_1777652803_1309
2026-05-01 16:26:48.216 [pool-2-thread-2] INFO  c.p.otp.controller.AuthController - POST /api/auth/login - User logged in: user_1777652803_1309
2026-05-01 16:26:48.300 [pool-2-thread-1] INFO  com.promo.otp.dao.OtpCodeDAO - Saved OTP code for operation: test_file_1777652803_1309, user: 2
2026-05-01 16:26:48.328 [pool-2-thread-1] INFO  com.promo.otp.service.FileService - OTP code saved to file: ./otp-files/otp_user_1777652803_1309_1777652808304.txt
2026-05-01 16:26:48.334 [pool-2-thread-1] INFO  com.promo.otp.service.OtpService - Generated OTP for user 2, operation test_file_1777652803_1309, channel file
2026-05-01 16:26:48.348 [pool-2-thread-1] INFO  c.promo.otp.controller.OtpController - POST /api/otp/generate - User 2 generated OTP for operation test_file_1777652803_1309
2026-05-01 16:26:48.482 [pool-2-thread-1] INFO  com.promo.otp.dao.OtpCodeDAO - Saved OTP code for operation: test_sms_1777652803_1309, user: 2
2026-05-01 16:26:48.584 [pool-2-thread-1] INFO  org.jsmpp.session.SMPPSession - Connected from port 56754 to smpp-smsc-simulator-smscsimulator-1/172.18.0.3:2775
2026-05-01 16:26:48.595 [PDUReaderWorker-b9b6fad6] INFO  org.jsmpp.session.SMPPSession - Starting PDUReaderWorker
2026-05-01 16:26:48.673 [pool-2-thread-1] INFO  com.promo.otp.service.SmsService - SMS sent successfully to: +78881309652803, messageId: 650ac9b8dc8e4465f1e1f58c1b78b128acd9b388c038610915b70f997839f075
2026-05-01 16:26:48.684 [pool-2-thread-1] INFO  com.promo.otp.service.OtpService - Generated OTP for user 2, operation test_sms_1777652803_1309, channel sms
2026-05-01 16:26:48.687 [pool-2-thread-1] INFO  c.promo.otp.controller.OtpController - POST /api/otp/generate - User 2 generated OTP for operation test_sms_1777652803_1309
2026-05-01 16:26:48.683 [PDUReaderWorker-b9b6fad6] INFO  org.jsmpp.session.SMPPSession - Reading PDU session b9b6fad6 in state BOUND_TX: Socket closed
2026-05-01 16:26:48.776 [pool-2-thread-1] INFO  com.promo.otp.dao.OtpCodeDAO - Saved OTP code for operation: test_email_1777652803_1309, user: 2
2026-05-01 16:26:48.968 [pool-2-thread-1] INFO  com.promo.otp.service.EmailService - Email sent successfully to: user_1777652803_1309@test.com
2026-05-01 16:26:48.969 [pool-2-thread-1] INFO  com.promo.otp.service.OtpService - Generated OTP for user 2, operation test_email_1777652803_1309, channel email
2026-05-01 16:26:48.975 [pool-2-thread-1] INFO  c.promo.otp.controller.OtpController - POST /api/otp/generate - User 2 generated OTP for operation test_email_1777652803_1309
2026-05-01 16:26:49.112 [pool-2-thread-1] INFO  c.p.otp.controller.AdminController - GET /api/admin/users - Retrieved 1 users
2026-05-01 16:27:41.332 [pool-2-thread-2] INFO  com.promo.otp.dao.UserDAO - Saved user: admin_1777652861_9984
2026-05-01 16:27:41.335 [pool-2-thread-2] INFO  com.promo.otp.service.AuthService - User registered successfully: admin_1777652861_9984
2026-05-01 16:27:41.339 [pool-2-thread-2] INFO  c.p.otp.controller.AuthController - POST /api/auth/register - User registered: admin_1777652861_9984
2026-05-01 16:27:54.108 [pool-2-thread-2] INFO  com.promo.otp.service.AuthService - User logged in successfully: admin_1777652861_9984
2026-05-01 16:27:54.110 [pool-2-thread-2] INFO  c.p.otp.controller.AuthController - POST /api/auth/login - User logged in: admin_1777652861_9984
2026-05-01 16:27:54.249 [pool-2-thread-2] INFO  com.promo.otp.dao.UserDAO - Saved user: user_1777652861_9984
2026-05-01 16:27:54.250 [pool-2-thread-2] INFO  com.promo.otp.service.AuthService - User registered successfully: user_1777652861_9984
2026-05-01 16:27:54.253 [pool-2-thread-2] INFO  c.p.otp.controller.AuthController - POST /api/auth/register - User registered: user_1777652861_9984
2026-05-01 16:27:54.376 [pool-2-thread-3] INFO  com.promo.otp.service.AuthService - User logged in successfully: user_1777652861_9984
2026-05-01 16:27:54.379 [pool-2-thread-3] INFO  c.p.otp.controller.AuthController - POST /api/auth/login - User logged in: user_1777652861_9984
2026-05-01 16:27:54.424 [pool-2-thread-3] INFO  com.promo.otp.dao.OtpCodeDAO - Saved OTP code for operation: test_file_1777652861_9984, user: 4
2026-05-01 16:27:54.426 [pool-2-thread-3] INFO  com.promo.otp.service.FileService - OTP code saved to file: ./otp-files/otp_user_1777652861_9984_1777652874425.txt
2026-05-01 16:27:54.427 [pool-2-thread-3] INFO  com.promo.otp.service.OtpService - Generated OTP for user 4, operation test_file_1777652861_9984, channel file
2026-05-01 16:27:54.431 [pool-2-thread-3] INFO  c.promo.otp.controller.OtpController - POST /api/otp/generate - User 4 generated OTP for operation test_file_1777652861_9984
2026-05-01 16:27:54.486 [pool-2-thread-2] INFO  com.promo.otp.dao.OtpCodeDAO - Saved OTP code for operation: test_sms_1777652861_9984, user: 4
2026-05-01 16:27:54.490 [pool-2-thread-2] INFO  org.jsmpp.session.SMPPSession - Connected from port 59352 to smpp-smsc-simulator-smscsimulator-1/172.18.0.3:2775
2026-05-01 16:27:54.499 [PDUReaderWorker-29079155] INFO  org.jsmpp.session.SMPPSession - Starting PDUReaderWorker
2026-05-01 16:27:54.509 [pool-2-thread-2] INFO  com.promo.otp.service.SmsService - SMS sent successfully to: +78889984652861, messageId: 13d832e9e075354aa799cabd70f7f8d5b9675dd64648be7a77e26e5f8e1f7240
2026-05-01 16:27:54.517 [PDUReaderWorker-29079155] INFO  org.jsmpp.session.SMPPSession - Reading PDU session 29079155 in state BOUND_TX: Socket closed
2026-05-01 16:27:54.519 [pool-2-thread-2] INFO  com.promo.otp.service.OtpService - Generated OTP for user 4, operation test_sms_1777652861_9984, channel sms
2026-05-01 16:27:54.521 [pool-2-thread-2] INFO  c.promo.otp.controller.OtpController - POST /api/otp/generate - User 4 generated OTP for operation test_sms_1777652861_9984
2026-05-01 16:27:54.562 [pool-2-thread-2] INFO  com.promo.otp.dao.OtpCodeDAO - Saved OTP code for operation: test_email_1777652861_9984, user: 4
2026-05-01 16:27:54.589 [pool-2-thread-2] INFO  com.promo.otp.service.EmailService - Email sent successfully to: user_1777652861_9984@test.com
2026-05-01 16:27:54.592 [pool-2-thread-2] INFO  com.promo.otp.service.OtpService - Generated OTP for user 4, operation test_email_1777652861_9984, channel email
2026-05-01 16:27:54.601 [pool-2-thread-2] INFO  c.promo.otp.controller.OtpController - POST /api/otp/generate - User 4 generated OTP for operation test_email_1777652861_9984
2026-05-01 16:29:36.772 [Thread-1] INFO  com.promo.otp.Main - Shutting down OTP Service...
2026-05-01 16:29:36.773 [Thread-1] INFO  c.promo.otp.server.HttpServerManager - HTTP Server stopped
2026-05-01 16:29:36.775 [Thread-1] INFO  c.p.o.service.ExpiredCodesScheduler - Expired codes scheduler stopped
2026-05-01 16:29:36.777 [Thread-1] INFO  com.zaxxer.hikari.HikariDataSource - OTP-HikariPool - Shutdown initiated...
2026-05-01 16:29:36.793 [Thread-1] INFO  com.zaxxer.hikari.HikariDataSource - OTP-HikariPool - Shutdown completed.
2026-05-01 16:29:36.794 [Thread-1] INFO  com.promo.otp.config.DatabaseConfig - Database connection pool closed
2026-05-01 16:29:36.794 [Thread-1] INFO  com.promo.otp.Main - OTP Service stopped
2026-05-01 16:35:06.504 [main] INFO  com.promo.otp.Main - Starting OTP Service...
2026-05-01 16:35:06.526 [main] INFO  com.promo.otp.config.DatabaseConfig - Connecting to database: jdbc:postgresql://postgres:5432/otp_service
2026-05-01 16:35:06.621 [main] INFO  com.zaxxer.hikari.HikariDataSource - OTP-HikariPool - Starting...
2026-05-01 16:35:08.102 [main] INFO  com.zaxxer.hikari.pool.HikariPool - OTP-HikariPool - Added connection org.postgresql.jdbc.PgConnection@6fd83fc1
2026-05-01 16:35:08.111 [main] INFO  com.zaxxer.hikari.HikariDataSource - OTP-HikariPool - Start completed.
2026-05-01 16:35:08.114 [main] INFO  com.promo.otp.config.DatabaseConfig - Database connection pool created successfully
2026-05-01 16:35:08.120 [main] INFO  com.promo.otp.config.DatabaseConfig - Database connection test successful
2026-05-01 16:35:08.170 [main] INFO  com.promo.otp.Main - Database connection pool initialized
2026-05-01 16:35:08.192 [main] INFO  c.p.o.service.ExpiredCodesScheduler - Expired codes scheduler started
2026-05-01 16:35:08.199 [main] INFO  com.promo.otp.Main - Expired codes cleanup scheduler started
2026-05-01 16:35:09.343 [main] INFO  com.promo.otp.service.EmailService - Loaded email configuration
2026-05-01 16:35:09.429 [main] INFO  com.promo.otp.service.EmailService - Email service configured with host: mailhog:1025
2026-05-01 16:35:09.439 [main] INFO  com.promo.otp.service.SmsService - Loaded SMS configuration
2026-05-01 16:35:09.446 [main] INFO  com.promo.otp.service.SmsService - SMS notification service initialized with host: smpp-smsc-simulator-smscsimulator-1
2026-05-01 16:35:09.447 [main] INFO  c.promo.otp.service.TelegramService - Loaded Telegram configuration
2026-05-01 16:35:09.447 [main] INFO  c.promo.otp.service.TelegramService - Telegram notification service initialized
2026-05-01 16:35:09.449 [main] INFO  com.promo.otp.service.EmailService - Loaded email configuration
2026-05-01 16:35:09.454 [main] INFO  com.promo.otp.service.EmailService - Email service configured with host: mailhog:1025
2026-05-01 16:35:09.455 [main] INFO  com.promo.otp.service.SmsService - Loaded SMS configuration
2026-05-01 16:35:09.455 [main] INFO  com.promo.otp.service.SmsService - SMS notification service initialized with host: smpp-smsc-simulator-smscsimulator-1
2026-05-01 16:35:09.455 [main] INFO  c.promo.otp.service.TelegramService - Loaded Telegram configuration
2026-05-01 16:35:09.455 [main] INFO  c.promo.otp.service.TelegramService - Telegram notification service initialized
2026-05-01 16:35:09.517 [main] INFO  c.promo.otp.server.HttpServerManager - HTTP Server started on port 8080
2026-05-01 16:35:09.520 [main] INFO  com.promo.otp.Main - OTP Service started successfully on port 8080
2026-05-01 16:46:06.258 [Thread-1] INFO  com.promo.otp.Main - Shutting down OTP Service...
2026-05-01 16:46:06.264 [Thread-1] INFO  c.promo.otp.server.HttpServerManager - HTTP Server stopped
2026-05-01 16:46:06.266 [Thread-1] INFO  c.p.o.service.ExpiredCodesScheduler - Expired codes scheduler stopped
2026-05-01 16:46:06.266 [Thread-1] INFO  com.zaxxer.hikari.HikariDataSource - OTP-HikariPool - Shutdown initiated...
2026-05-01 16:46:06.278 [Thread-1] INFO  com.zaxxer.hikari.HikariDataSource - OTP-HikariPool - Shutdown completed.
2026-05-01 16:46:06.279 [Thread-1] INFO  com.promo.otp.config.DatabaseConfig - Database connection pool closed
2026-05-01 16:46:06.280 [Thread-1] INFO  com.promo.otp.Main - OTP Service stopped
2026-05-01 16:46:08.832 [main] INFO  com.promo.otp.Main - Starting OTP Service...
2026-05-01 16:46:08.838 [main] INFO  com.promo.otp.config.DatabaseConfig - Connecting to database: jdbc:postgresql://postgres:5432/otp_service
2026-05-01 16:46:08.880 [main] INFO  com.zaxxer.hikari.HikariDataSource - OTP-HikariPool - Starting...
2026-05-01 16:46:09.583 [main] INFO  com.zaxxer.hikari.pool.HikariPool - OTP-HikariPool - Added connection org.postgresql.jdbc.PgConnection@6fd83fc1
2026-05-01 16:46:09.587 [main] INFO  com.zaxxer.hikari.HikariDataSource - OTP-HikariPool - Start completed.
2026-05-01 16:46:09.589 [main] INFO  com.promo.otp.config.DatabaseConfig - Database connection pool created successfully
2026-05-01 16:46:09.598 [main] INFO  com.promo.otp.config.DatabaseConfig - Database connection test successful
2026-05-01 16:46:09.619 [main] INFO  com.promo.otp.Main - Database connection pool initialized
2026-05-01 16:46:09.629 [main] INFO  c.p.o.service.ExpiredCodesScheduler - Expired codes scheduler started
2026-05-01 16:46:09.630 [main] INFO  com.promo.otp.Main - Expired codes cleanup scheduler started
2026-05-01 16:46:10.165 [main] INFO  com.promo.otp.service.EmailService - Loaded email configuration
2026-05-01 16:46:10.236 [main] INFO  com.promo.otp.service.EmailService - Email service configured with host: mailhog:1025
2026-05-01 16:46:10.238 [main] INFO  com.promo.otp.service.SmsService - Loaded SMS configuration
2026-05-01 16:46:10.239 [main] INFO  com.promo.otp.service.SmsService - SMS notification service initialized with host: smpp-smsc-simulator-smscsimulator-1
2026-05-01 16:46:10.240 [main] INFO  c.promo.otp.service.TelegramService - Loaded Telegram configuration
2026-05-01 16:46:10.242 [main] INFO  c.promo.otp.service.TelegramService - Telegram notification service initialized
2026-05-01 16:46:10.245 [main] INFO  com.promo.otp.service.EmailService - Loaded email configuration
2026-05-01 16:46:10.259 [main] INFO  com.promo.otp.service.EmailService - Email service configured with host: mailhog:1025
2026-05-01 16:46:10.262 [main] INFO  com.promo.otp.service.SmsService - Loaded SMS configuration
2026-05-01 16:46:10.264 [main] INFO  com.promo.otp.service.SmsService - SMS notification service initialized with host: smpp-smsc-simulator-smscsimulator-1
2026-05-01 16:46:10.264 [main] INFO  c.promo.otp.service.TelegramService - Loaded Telegram configuration
2026-05-01 16:46:10.264 [main] INFO  c.promo.otp.service.TelegramService - Telegram notification service initialized
2026-05-01 16:46:10.302 [main] INFO  c.promo.otp.server.HttpServerManager - HTTP Server started on port 8080
2026-05-01 16:46:10.305 [main] INFO  com.promo.otp.Main - OTP Service started successfully on port 8080
2026-05-01 16:46:51.321 [pool-2-thread-1] WARN  c.p.otp.controller.AuthController - Login failed: Invalid username or password
2026-05-01 16:47:35.374 [pool-2-thread-1] INFO  com.promo.otp.service.AuthService - First user registered as ADMIN: telegram_user
2026-05-01 16:47:35.532 [pool-2-thread-1] INFO  com.promo.otp.dao.UserDAO - Saved user: telegram_user
2026-05-01 16:47:35.695 [pool-2-thread-1] INFO  com.promo.otp.service.AuthService - User registered successfully: telegram_user
2026-05-01 16:47:35.728 [pool-2-thread-1] INFO  c.p.otp.controller.AuthController - POST /api/auth/register - User registered: telegram_user
2026-05-01 16:47:35.926 [pool-2-thread-2] INFO  com.promo.otp.service.AuthService - User logged in successfully: telegram_user
2026-05-01 16:47:35.931 [pool-2-thread-2] INFO  c.p.otp.controller.AuthController - POST /api/auth/login - User logged in: telegram_user
2026-05-01 16:47:36.263 [pool-2-thread-1] INFO  com.promo.otp.dao.OtpCodeDAO - Saved OTP code for operation: telegram_test, user: 1
2026-05-01 16:47:36.267 [pool-2-thread-1] WARN  com.promo.otp.service.OtpService - No telegram chat ID for user: telegram_user
2026-05-01 16:47:36.267 [pool-2-thread-1] INFO  com.promo.otp.service.OtpService - Generated OTP for user 1, operation telegram_test, channel telegram
2026-05-01 16:47:36.273 [pool-2-thread-1] INFO  c.promo.otp.controller.OtpController - POST /api/otp/generate - User 1 generated OTP for operation telegram_test
2026-05-01 16:49:18.790 [Thread-1] INFO  com.promo.otp.Main - Shutting down OTP Service...
2026-05-01 16:49:18.799 [Thread-1] INFO  c.promo.otp.server.HttpServerManager - HTTP Server stopped
2026-05-01 16:49:18.803 [Thread-1] INFO  c.p.o.service.ExpiredCodesScheduler - Expired codes scheduler stopped
2026-05-01 16:49:18.804 [Thread-1] INFO  com.zaxxer.hikari.HikariDataSource - OTP-HikariPool - Shutdown initiated...
2026-05-01 16:49:18.818 [Thread-1] INFO  com.zaxxer.hikari.HikariDataSource - OTP-HikariPool - Shutdown completed.
2026-05-01 16:49:18.818 [Thread-1] INFO  com.promo.otp.config.DatabaseConfig - Database connection pool closed
2026-05-01 16:49:18.819 [Thread-1] INFO  com.promo.otp.Main - OTP Service stopped
2026-05-01 16:49:22.030 [main] INFO  com.promo.otp.Main - Starting OTP Service...
2026-05-01 16:49:22.037 [main] INFO  com.promo.otp.config.DatabaseConfig - Connecting to database: jdbc:postgresql://postgres:5432/otp_service
2026-05-01 16:49:22.088 [main] INFO  com.zaxxer.hikari.HikariDataSource - OTP-HikariPool - Starting...
2026-05-01 16:49:23.097 [main] INFO  com.zaxxer.hikari.pool.HikariPool - OTP-HikariPool - Added connection org.postgresql.jdbc.PgConnection@6fd83fc1
2026-05-01 16:49:23.103 [main] INFO  com.zaxxer.hikari.HikariDataSource - OTP-HikariPool - Start completed.
2026-05-01 16:49:23.104 [main] INFO  com.promo.otp.config.DatabaseConfig - Database connection pool created successfully
2026-05-01 16:49:23.111 [main] INFO  com.promo.otp.config.DatabaseConfig - Database connection test successful
2026-05-01 16:49:23.143 [main] INFO  com.promo.otp.Main - Database connection pool initialized
2026-05-01 16:49:23.157 [main] INFO  c.p.o.service.ExpiredCodesScheduler - Expired codes scheduler started
2026-05-01 16:49:23.158 [main] INFO  com.promo.otp.Main - Expired codes cleanup scheduler started
2026-05-01 16:49:23.894 [main] INFO  com.promo.otp.service.EmailService - Loaded email configuration
2026-05-01 16:49:24.078 [main] INFO  com.promo.otp.service.EmailService - Email service configured with host: mailhog:1025
2026-05-01 16:49:24.084 [main] INFO  com.promo.otp.service.SmsService - Loaded SMS configuration
2026-05-01 16:49:24.086 [main] INFO  com.promo.otp.service.SmsService - SMS notification service initialized with host: smpp-smsc-simulator-smscsimulator-1
2026-05-01 16:49:24.089 [main] INFO  c.promo.otp.service.TelegramService - Loaded Telegram configuration
2026-05-01 16:49:24.096 [main] INFO  c.promo.otp.service.TelegramService - Telegram notification service initialized
2026-05-01 16:49:24.105 [main] INFO  com.promo.otp.service.EmailService - Loaded email configuration
2026-05-01 16:49:24.124 [main] INFO  com.promo.otp.service.EmailService - Email service configured with host: mailhog:1025
2026-05-01 16:49:24.126 [main] INFO  com.promo.otp.service.SmsService - Loaded SMS configuration
2026-05-01 16:49:24.126 [main] INFO  com.promo.otp.service.SmsService - SMS notification service initialized with host: smpp-smsc-simulator-smscsimulator-1
2026-05-01 16:49:24.128 [main] INFO  c.promo.otp.service.TelegramService - Loaded Telegram configuration
2026-05-01 16:49:24.128 [main] INFO  c.promo.otp.service.TelegramService - Telegram notification service initialized
2026-05-01 16:49:24.240 [main] INFO  c.promo.otp.server.HttpServerManager - HTTP Server started on port 8080
2026-05-01 16:49:24.242 [main] INFO  com.promo.otp.Main - OTP Service started successfully on port 8080
2026-05-01 16:50:04.761 [Thread-1] INFO  com.promo.otp.Main - Shutting down OTP Service...
2026-05-01 16:50:04.767 [Thread-1] INFO  c.promo.otp.server.HttpServerManager - HTTP Server stopped
2026-05-01 16:50:04.773 [Thread-1] INFO  c.p.o.service.ExpiredCodesScheduler - Expired codes scheduler stopped
2026-05-01 16:50:04.774 [Thread-1] INFO  com.zaxxer.hikari.HikariDataSource - OTP-HikariPool - Shutdown initiated...
2026-05-01 16:50:04.784 [Thread-1] INFO  com.zaxxer.hikari.HikariDataSource - OTP-HikariPool - Shutdown completed.
2026-05-01 16:50:04.788 [Thread-1] INFO  com.promo.otp.config.DatabaseConfig - Database connection pool closed
2026-05-01 16:50:04.792 [Thread-1] INFO  com.promo.otp.Main - OTP Service stopped
2026-05-01 16:50:08.646 [main] INFO  com.promo.otp.Main - Starting OTP Service...
2026-05-01 16:50:08.655 [main] INFO  com.promo.otp.config.DatabaseConfig - Connecting to database: jdbc:postgresql://postgres:5432/otp_service
2026-05-01 16:50:08.703 [main] INFO  com.zaxxer.hikari.HikariDataSource - OTP-HikariPool - Starting...
2026-05-01 16:50:09.568 [main] INFO  com.zaxxer.hikari.pool.HikariPool - OTP-HikariPool - Added connection org.postgresql.jdbc.PgConnection@6fd83fc1
2026-05-01 16:50:09.573 [main] INFO  com.zaxxer.hikari.HikariDataSource - OTP-HikariPool - Start completed.
2026-05-01 16:50:09.575 [main] INFO  com.promo.otp.config.DatabaseConfig - Database connection pool created successfully
2026-05-01 16:50:09.586 [main] INFO  com.promo.otp.config.DatabaseConfig - Database connection test successful
2026-05-01 16:50:09.617 [main] INFO  com.promo.otp.Main - Database connection pool initialized
2026-05-01 16:50:09.630 [main] INFO  c.p.o.service.ExpiredCodesScheduler - Expired codes scheduler started
2026-05-01 16:50:09.633 [main] INFO  com.promo.otp.Main - Expired codes cleanup scheduler started
2026-05-01 16:50:10.244 [main] INFO  com.promo.otp.service.EmailService - Loaded email configuration
2026-05-01 16:50:10.318 [main] INFO  com.promo.otp.service.EmailService - Email service configured with host: mailhog:1025
2026-05-01 16:50:10.321 [main] INFO  com.promo.otp.service.SmsService - Loaded SMS configuration
2026-05-01 16:50:10.322 [main] INFO  com.promo.otp.service.SmsService - SMS notification service initialized with host: smpp-smsc-simulator-smscsimulator-1
2026-05-01 16:50:10.324 [main] INFO  c.promo.otp.service.TelegramService - Loaded Telegram configuration
2026-05-01 16:50:10.325 [main] INFO  c.promo.otp.service.TelegramService - Telegram notification service initialized
2026-05-01 16:50:10.327 [main] INFO  com.promo.otp.service.EmailService - Loaded email configuration
2026-05-01 16:50:10.336 [main] INFO  com.promo.otp.service.EmailService - Email service configured with host: mailhog:1025
2026-05-01 16:50:10.338 [main] INFO  com.promo.otp.service.SmsService - Loaded SMS configuration
2026-05-01 16:50:10.338 [main] INFO  com.promo.otp.service.SmsService - SMS notification service initialized with host: smpp-smsc-simulator-smscsimulator-1
2026-05-01 16:50:10.339 [main] INFO  c.promo.otp.service.TelegramService - Loaded Telegram configuration
2026-05-01 16:50:10.339 [main] INFO  c.promo.otp.service.TelegramService - Telegram notification service initialized
2026-05-01 16:50:10.376 [main] INFO  c.promo.otp.server.HttpServerManager - HTTP Server started on port 8080
2026-05-01 16:50:10.378 [main] INFO  com.promo.otp.Main - OTP Service started successfully on port 8080
2026-05-01 16:50:48.506 [pool-2-thread-1] INFO  com.promo.otp.service.AuthService - User logged in successfully: telegram_user
2026-05-01 16:50:48.827 [pool-2-thread-1] INFO  c.p.otp.controller.AuthController - POST /api/auth/login - User logged in: telegram_user
2026-05-01 16:50:49.129 [pool-2-thread-1] INFO  com.promo.otp.dao.OtpCodeDAO - Saved OTP code for operation: tg_docker_test, user: 1
2026-05-01 16:50:49.130 [pool-2-thread-1] WARN  com.promo.otp.service.OtpService - No telegram chat ID for user: telegram_user
2026-05-01 16:50:49.131 [pool-2-thread-1] INFO  com.promo.otp.service.OtpService - Generated OTP for user 1, operation tg_docker_test, channel telegram
2026-05-01 16:50:49.139 [pool-2-thread-1] INFO  c.promo.otp.controller.OtpController - POST /api/otp/generate - User 1 generated OTP for operation tg_docker_test
2026-05-01 16:53:09.638 [pool-1-thread-1] INFO  com.promo.otp.dao.OtpCodeDAO - Expired 1 OTP codes
2026-05-01 16:53:09.640 [pool-1-thread-1] DEBUG c.p.o.service.ExpiredCodesScheduler - Expired 1 OTP codes
2026-05-01 16:55:31.109 [Thread-1] INFO  com.promo.otp.Main - Shutting down OTP Service...
2026-05-01 16:55:31.114 [Thread-1] INFO  c.promo.otp.server.HttpServerManager - HTTP Server stopped
2026-05-01 16:55:31.117 [Thread-1] INFO  c.p.o.service.ExpiredCodesScheduler - Expired codes scheduler stopped
2026-05-01 16:55:31.118 [Thread-1] INFO  com.zaxxer.hikari.HikariDataSource - OTP-HikariPool - Shutdown initiated...
2026-05-01 16:55:31.132 [Thread-1] INFO  com.zaxxer.hikari.HikariDataSource - OTP-HikariPool - Shutdown completed.
2026-05-01 16:55:31.133 [Thread-1] INFO  com.promo.otp.config.DatabaseConfig - Database connection pool closed
2026-05-01 16:55:31.136 [Thread-1] INFO  com.promo.otp.Main - OTP Service stopped
2026-05-01 17:01:06.288 [main] INFO  com.promo.otp.Main - Starting OTP Service...
2026-05-01 17:01:06.297 [main] INFO  com.promo.otp.config.DatabaseConfig - Connecting to database: jdbc:postgresql://postgres:5432/otp_service
2026-05-01 17:01:06.356 [main] INFO  com.zaxxer.hikari.HikariDataSource - OTP-HikariPool - Starting...
2026-05-01 17:01:07.636 [main] INFO  com.zaxxer.hikari.pool.HikariPool - OTP-HikariPool - Added connection org.postgresql.jdbc.PgConnection@6fd83fc1
2026-05-01 17:01:07.641 [main] INFO  com.zaxxer.hikari.HikariDataSource - OTP-HikariPool - Start completed.
2026-05-01 17:01:07.643 [main] INFO  com.promo.otp.config.DatabaseConfig - Database connection pool created successfully
2026-05-01 17:01:07.650 [main] INFO  com.promo.otp.config.DatabaseConfig - Database connection test successful
2026-05-01 17:01:07.698 [main] INFO  com.promo.otp.Main - Database connection pool initialized
2026-05-01 17:01:07.712 [main] INFO  c.p.o.service.ExpiredCodesScheduler - Expired codes scheduler started
2026-05-01 17:01:07.715 [main] INFO  com.promo.otp.Main - Expired codes cleanup scheduler started
2026-05-01 17:01:08.647 [main] INFO  com.promo.otp.service.EmailService - Loaded email configuration
2026-05-01 17:01:08.751 [main] INFO  com.promo.otp.service.EmailService - Email service configured with host: mailhog:1025
2026-05-01 17:01:08.757 [main] INFO  com.promo.otp.service.SmsService - Loaded SMS configuration
2026-05-01 17:01:08.757 [main] INFO  com.promo.otp.service.SmsService - SMS notification service initialized with host: smpp-smsc-simulator-smscsimulator-1
2026-05-01 17:01:08.760 [main] INFO  c.promo.otp.service.TelegramService - Loaded Telegram configuration
2026-05-01 17:01:08.763 [main] INFO  c.promo.otp.service.TelegramService - Telegram notification service initialized
2026-05-01 17:01:08.769 [main] INFO  com.promo.otp.service.EmailService - Loaded email configuration
2026-05-01 17:01:08.786 [main] INFO  com.promo.otp.service.EmailService - Email service configured with host: mailhog:1025
2026-05-01 17:01:08.788 [main] INFO  com.promo.otp.service.SmsService - Loaded SMS configuration
2026-05-01 17:01:08.792 [main] INFO  com.promo.otp.service.SmsService - SMS notification service initialized with host: smpp-smsc-simulator-smscsimulator-1
2026-05-01 17:01:08.798 [main] INFO  c.promo.otp.service.TelegramService - Loaded Telegram configuration
2026-05-01 17:01:08.798 [main] INFO  c.promo.otp.service.TelegramService - Telegram notification service initialized
2026-05-01 17:01:08.876 [main] INFO  c.promo.otp.server.HttpServerManager - HTTP Server started on port 8080
2026-05-01 17:01:08.880 [main] INFO  com.promo.otp.Main - OTP Service started successfully on port 8080
